P1,P2,P3,P4,P5,P6,P7,P8,P9,P10,Escuela,Marco
3,5,11,2,3,3,3,3,1,3,Idealismo,IDEAS
11,11,11,11,11,11,11,4,11,11,Nihilismo,INDIFERENCIA
1,7,6,8,12,5,11,2,3,9,NULL,NINGUNO
4,4,2,4,4,2,4,4,9,4,Estoicismo,INTELECTO
9,9,9,9,9,9,9,9,2,9,Existencialismo,EXISTENCIA
6,6,6,7,6,9,6,6,6,8,Racionalismo,INTELECTO
4,4,3,4,4,4,4,4,4,4,Estoicismo,INTELECTO
5,5,5,5,5,5,5,5,5,5,Realismo,INTELECTO
4,10,10,10,10,10,10,10,10,10,Hedonismo,INDIFERENCIA
2,9,2,2,2,2,2,1,3,2,Aristotelismo,IDEAS
11,11,11,11,11,11,11,11,11,11,Nihilismo,INDIFERENCIA
12,12,12,9,1,12,12,12,12,12,Cinismo,INDIFERENCIA
10,10,1,11,10,3,10,10,7,10,Hedonismo,INDIFERENCIA
6,6,10,6,6,6,6,6,6,1,Racionalismo,INTELECTO
12,11,11,11,11,3,11,11,4,11,Nihilismo,INDIFERENCIA
4,10,1,7,9,12,6,11,8,3,NULL,NINGUNO
9,9,9,9,2,6,7,9,9,9,Existencialismo,EXISTENCIA
1,3,2,12,2,2,2,2,2,2,Aristotelismo,IDEAS
11,11,11,11,11,11,11,11,11,11,Nihilismo,INDIFERENCIA
8,8,8,9,8,8,9,8,8,8,Humanismo,EXISTENCIA
9,9,9,9,9,9,9,9,9,9,Existencialismo,EXISTENCIA
3,5,4,4,4,4,4,4,4,4,Estoicismo,INTELECTO
2,2,2,2,2,2,2,2,2,2,Aristotelismo,IDEAS
3,3,3,3,3,3,3,3,3,3,Idealismo,IDEAS
9,9,9,9,9,9,9,9,9,9,Existencialismo,EXISTENCIA
9,10,9,9,9,9,5,12,9,5,Existencialismo,EXISTENCIA
3,3,3,3,3,7,3,3,3,3,Idealismo,IDEAS
1,1,3,4,1,1,1,1,1,1,Platonismo,IDEAS
1,1,1,1,7,2,1,1,1,5,Platonismo,IDEAS
4,9,7,2,10,6,3,11,1,12,NULL,NINGUNO
10,11,10,5,10,10,10,10,10,10,Hedonismo,INDIFERENCIA
7,6,7,3,7,7,7,7,5,7,Empirismo,INTELECTO
4,6,4,1,6,4,4,4,4,10,Estoicismo,INTELECTO
11,6,7,4,9,2,5,10,8,1,NULL,NINGUNO
12,12,12,12,12,12,9,12,12,12,Cinismo,INDIFERENCIA
6,6,6,6,6,6,6,6,6,6,Racionalismo,INTELECTO
9,12,9,9,9,12,9,9,7,9,Existencialismo,EXISTENCIA
1,1,1,1,1,1,1,1,1,1,Platonismo,IDEAS
7,2,12,8,4,11,10,9,5,3,NULL,NINGUNO
5,9,9,6,4,9,9,9,9,9,Existencialismo,EXISTENCIA
9,9,11,9,9,9,9,9,9,9,Existencialismo,EXISTENCIA
5,11,11,11,11,11,11,11,11,11,Nihilismo,INDIFERENCIA
4,4,12,7,8,4,4,4,4,11,Estoicismo,INTELECTO
3,10,9,10,10,10,10,10,10,10,Hedonismo,INDIFERENCIA
4,4,4,4,4,7,8,4,10,3,Estoicismo,INTELECTO
4,4,4,4,4,4,4,4,4,4,Estoicismo,INTELECTO
3,3,3,3,3,3,3,3,3,3,Idealismo,IDEAS
8,2,12,7,9,1,6,10,5,4,NULL,NINGUNO
12,12,12,12,12,12,6,12,12,12,Cinismo,INDIFERENCIA
11,11,11,11,11,9,11,11,11,11,Nihilismo,INDIFERENCIA
4,7,7,7,12,7,7,3,7,1,Empirismo,INTELECTO
9,9,9,9,9,9,9,9,11,9,Existencialismo,EXISTENCIA
1,1,1,1,1,1,1,1,1,1,Platonismo,IDEAS
12,12,12,12,7,7,3,12,12,12,Cinismo,INDIFERENCIA
5,9,5,5,11,4,5,5,5,5,Realismo,INTELECTO
8,3,9,11,10,7,2,4,1,5,NULL,NINGUNO
1,6,1,2,5,10,1,1,1,1,Platonismo,IDEAS
4,4,4,4,4,4,4,1,11,4,Estoicismo,INTELECTO
6,1,6,6,6,6,6,6,6,6,Racionalismo,INTELECTO
5,4,3,4,4,4,4,4,4,4,Estoicismo,INTELECTO
5,7,4,5,5,5,5,1,5,5,Realismo,INTELECTO
10,10,10,10,10,10,10,10,10,10,Hedonismo,INDIFERENCIA
5,12,12,12,12,3,2,12,12,12,Cinismo,INDIFERENCIA
7,7,7,7,7,7,7,7,7,7,Empirismo,INTELECTO
8,3,3,3,3,3,7,4,3,9,Idealismo,IDEAS
1,4,4,4,4,1,2,4,4,4,Estoicismo,INTELECTO
10,5,10,10,6,10,10,5,10,10,Hedonismo,INDIFERENCIA
12,12,12,12,2,12,12,12,12,11,Cinismo,INDIFERENCIA
1,1,1,1,1,1,1,1,1,1,Platonismo,IDEAS
2,1,2,2,8,2,2,2,2,2,Aristotelismo,IDEAS
4,10,10,10,10,10,7,10,10,10,Hedonismo,INDIFERENCIA
2,2,2,2,2,2,2,2,2,2,Aristotelismo,IDEAS
8,9,7,9,9,9,9,9,10,9,Existencialismo,EXISTENCIA
12,3,4,10,2,6,11,9,7,5,NULL,NINGUNO
10,3,5,2,11,4,1,6,9,8,NULL,NINGUNO
9,9,9,9,9,9,9,9,9,9,Existencialismo,EXISTENCIA
12,12,6,12,12,12,11,5,12,12,Cinismo,INDIFERENCIA
9,6,12,9,9,9,9,9,9,9,Existencialismo,EXISTENCIA
5,5,5,4,5,8,5,5,5,5,Realismo,INTELECTO
2,7,2,2,2,2,2,9,2,9,Aristotelismo,IDEAS
2,2,2,2,2,2,2,2,10,2,Aristotelismo,IDEAS
7,7,2,7,7,7,7,7,7,7,Empirismo,INTELECTO
8,8,8,8,8,8,8,8,8,8,Humanismo,EXISTENCIA
5,3,9,4,11,1,7,8,10,2,NULL,NINGUNO
2,2,5,2,2,2,6,2,2,12,Aristotelismo,IDEAS
9,9,9,9,9,7,11,9,9,9,Existencialismo,EXISTENCIA
10,10,10,10,10,10,10,10,10,10,Hedonismo,INDIFERENCIA
11,11,11,11,11,11,11,11,11,11,Nihilismo,INDIFERENCIA
2,8,7,2,2,2,2,8,2,2,Aristotelismo,IDEAS
3,3,3,3,3,3,3,3,3,3,Idealismo,IDEAS
10,5,7,3,6,9,8,2,4,11,NULL,NINGUNO
3,3,3,3,3,3,3,3,3,3,Idealismo,IDEAS
2,8,8,8,5,8,8,9,8,8,Humanismo,EXISTENCIA
6,6,6,6,6,6,6,5,6,6,Racionalismo,INTELECTO
11,2,4,9,1,3,12,6,8,5,NULL,NINGUNO
2,2,2,5,7,2,2,2,2,2,Aristotelismo,IDEAS
1,8,1,8,12,1,1,1,1,1,Platonismo,IDEAS
9,2,2,3,2,2,7,2,2,2,Aristotelismo,IDEAS
8,11,8,10,8,8,8,8,8,8,Humanismo,EXISTENCIA
2,12,12,12,12,12,12,12,12,12,Cinismo,INDIFERENCIA
12,12,12,1,12,12,12,12,12,8,Cinismo,INDIFERENCIA
2,2,2,2,6,2,2,2,2,1,Aristotelismo,IDEAS
3,10,2,8,12,11,9,7,6,1,NULL,NINGUNO
9,8,12,6,11,10,2,1,3,5,NULL,NINGUNO
1,1,1,1,1,1,1,1,1,7,Platonismo,IDEAS
1,1,3,1,5,1,1,10,1,1,Platonismo,IDEAS
10,10,10,10,10,10,10,10,10,10,Hedonismo,INDIFERENCIA
9,7,9,9,9,9,4,9,9,4,Existencialismo,EXISTENCIA
9,6,2,11,7,12,4,5,10,1,NULL,NINGUNO
11,11,11,11,11,5,11,11,11,11,Nihilismo,INDIFERENCIA
3,3,3,3,3,3,3,9,4,3,Idealismo,IDEAS
6,11,6,6,6,6,4,6,6,3,Racionalismo,INTELECTO
8,8,8,8,8,11,8,8,8,8,Humanismo,EXISTENCIA
6,6,6,6,6,6,6,10,6,6,Racionalismo,INTELECTO
7,6,6,5,6,3,6,6,6,6,Racionalismo,INTELECTO
1,1,1,1,1,1,1,1,1,9,Platonismo,IDEAS
3,3,3,3,3,3,7,3,3,3,Idealismo,IDEAS
7,7,7,7,6,7,11,7,7,7,Empirismo,INTELECTO
4,12,9,4,4,4,4,4,4,4,Estoicismo,INTELECTO
7,7,7,7,7,7,7,7,2,7,Empirismo,INTELECTO
5,5,5,5,5,5,5,5,5,5,Realismo,INTELECTO
4,4,4,4,11,4,4,4,4,3,Estoicismo,INTELECTO
11,11,1,11,8,11,11,11,11,11,Nihilismo,INDIFERENCIA
3,3,3,3,3,3,3,3,3,3,Idealismo,IDEAS
6,9,10,8,1,2,12,11,7,4,NULL,NINGUNO
8,6,6,6,1,6,6,6,6,6,Racionalismo,INTELECTO
8,6,6,5,6,6,6,6,6,6,Racionalismo,INTELECTO
8,8,4,8,8,8,8,8,9,8,Humanismo,EXISTENCIA
8,12,12,12,12,12,12,12,10,12,Cinismo,INDIFERENCIA
8,8,8,8,8,8,8,8,8,8,Humanismo,EXISTENCIA
1,10,1,1,1,1,1,1,1,1,Platonismo,IDEAS
3,3,3,3,3,3,3,3,3,3,Idealismo,IDEAS
10,3,3,3,6,3,3,3,8,3,Idealismo,IDEAS
10,1,11,4,8,7,3,9,6,2,NULL,NINGUNO
9,7,7,7,7,7,7,7,7,7,Empirismo,INTELECTO
11,10,11,12,11,11,11,11,11,11,Nihilismo,INDIFERENCIA
11,11,11,11,11,11,11,11,11,11,Nihilismo,INDIFERENCIA
11,11,11,11,11,11,11,11,11,11,Nihilismo,INDIFERENCIA
1,1,1,1,1,1,1,1,1,1,Platonismo,IDEAS
11,11,11,11,8,9,11,11,11,11,Nihilismo,INDIFERENCIA
4,4,4,4,4,4,4,4,4,4,Estoicismo,INTELECTO
1,1,1,1,1,1,1,1,1,6,Platonismo,IDEAS
1,4,1,4,1,3,1,1,3,1,Platonismo,IDEAS
9,9,9,7,9,9,9,9,10,7,Existencialismo,EXISTENCIA
12,12,12,12,12,12,12,12,12,12,Cinismo,INDIFERENCIA
12,12,12,12,12,12,11,12,5,12,Cinismo,INDIFERENCIA
1,4,11,5,7,10,12,6,2,9,NULL,NINGUNO
12,11,11,11,11,11,6,12,11,11,Nihilismo,INDIFERENCIA
12,2,12,12,12,12,12,12,12,12,Cinismo,INDIFERENCIA
3,3,3,3,3,11,3,3,3,3,Idealismo,IDEAS
8,3,1,8,8,8,8,8,9,8,Humanismo,EXISTENCIA
8,12,11,4,3,2,9,7,1,10,NULL,NINGUNO
11,11,11,12,1,11,11,11,11,11,Nihilismo,INDIFERENCIA
11,11,11,11,11,11,11,11,11,5,Nihilismo,INDIFERENCIA
4,9,3,12,7,8,2,6,10,1,NULL,NINGUNO
10,4,1,6,9,3,11,5,2,12,NULL,NINGUNO
5,5,5,11,5,5,5,5,5,5,Realismo,INTELECTO
5,6,5,5,11,5,5,5,5,5,Realismo,INTELECTO
7,6,2,4,7,12,7,7,7,7,Empirismo,INTELECTO
10,10,10,11,10,10,10,10,10,10,Hedonismo,INDIFERENCIA
11,6,11,6,11,1,11,11,11,11,Nihilismo,INDIFERENCIA
2,2,2,2,2,2,2,2,2,2,Aristotelismo,IDEAS
10,4,4,4,7,4,4,2,4,4,Estoicismo,INTELECTO
9,12,12,12,4,1,12,7,12,12,Cinismo,INDIFERENCIA
9,9,9,9,9,9,3,9,9,9,Existencialismo,EXISTENCIA
5,5,3,5,5,5,5,5,5,5,Realismo,INTELECTO
5,9,7,9,9,9,2,9,9,9,Existencialismo,EXISTENCIA
7,7,7,7,7,7,1,7,7,7,Empirismo,INTELECTO
3,3,3,3,3,3,3,3,3,3,Idealismo,IDEAS
6,1,6,6,6,1,9,6,6,6,Racionalismo,INTELECTO
12,12,12,12,12,12,12,7,12,12,Cinismo,INDIFERENCIA
8,8,8,8,8,8,8,8,8,8,Humanismo,EXISTENCIA
1,1,1,1,1,1,1,1,1,1,Platonismo,IDEAS
5,5,5,5,5,5,5,5,5,5,Realismo,INTELECTO
4,4,4,4,4,4,8,4,4,4,Estoicismo,INTELECTO
12,9,2,12,7,12,12,10,12,12,Cinismo,INDIFERENCIA
6,11,6,6,9,6,6,6,12,6,Racionalismo,INTELECTO
12,12,12,12,12,12,12,12,2,12,Cinismo,INDIFERENCIA
11,4,2,2,2,2,2,2,2,6,Aristotelismo,IDEAS
9,9,10,12,10,9,9,6,9,9,Existencialismo,EXISTENCIA
5,5,5,5,5,5,5,9,11,5,Realismo,INTELECTO
8,8,8,8,8,8,8,8,12,8,Humanismo,EXISTENCIA
8,10,10,10,10,4,10,5,10,10,Hedonismo,INDIFERENCIA
8,8,8,8,8,8,8,8,8,8,Humanismo,EXISTENCIA
2,2,2,2,2,2,2,2,2,2,Aristotelismo,IDEAS
8,8,8,8,8,8,8,8,8,8,Humanismo,EXISTENCIA
6,6,6,6,6,6,6,6,6,6,Racionalismo,INTELECTO
7,7,6,7,7,7,11,10,7,7,Empirismo,INTELECTO
7,7,7,7,7,7,10,10,7,7,Empirismo,INTELECTO
9,9,9,9,9,9,9,9,9,9,Existencialismo,EXISTENCIA
4,4,4,4,4,4,5,4,4,4,Estoicismo,INTELECTO
1,1,1,1,1,1,6,1,1,12,Platonismo,IDEAS
10,7,6,10,10,10,10,1,10,10,Hedonismo,INDIFERENCIA
7,7,7,7,7,7,7,7,7,7,Empirismo,INTELECTO
10,8,1,9,12,12,12,12,12,12,Cinismo,INDIFERENCIA
2,5,2,2,8,2,2,2,10,5,Aristotelismo,IDEAS
1,7,7,7,7,7,7,8,7,1,Empirismo,INTELECTO
2,10,2,2,2,2,11,2,2,2,Aristotelismo,IDEAS
4,4,4,4,4,4,4,4,4,4,Estoicismo,INTELECTO
1,12,10,12,10,12,12,12,12,3,Cinismo,INDIFERENCIA
7,8,7,7,7,4,7,7,7,7,Empirismo,INTELECTO
11,12,1,12,12,2,12,12,12,12,Cinismo,INDIFERENCIA
2,2,2,2,2,2,9,5,2,2,Aristotelismo,IDEAS
2,1,2,2,2,3,5,2,2,8,Aristotelismo,IDEAS
8,2,3,10,1,11,12,9,7,4,NULL,NINGUNO
3,10,3,3,8,3,11,3,3,3,Idealismo,IDEAS
4,4,4,4,4,4,4,4,3,4,Estoicismo,INTELECTO
1,1,1,1,1,1,1,1,11,1,Platonismo,IDEAS
3,3,4,3,3,12,3,3,3,3,Idealismo,IDEAS
1,9,9,9,9,9,2,9,9,9,Existencialismo,EXISTENCIA
10,2,3,3,3,7,3,3,3,11,Idealismo,IDEAS
1,1,1,1,1,4,1,1,12,1,Platonismo,IDEAS
2,2,2,2,2,2,10,2,2,2,Aristotelismo,IDEAS
9,8,8,12,8,8,8,10,8,8,Humanismo,EXISTENCIA
7,7,7,5,4,7,7,7,7,7,Empirismo,INTELECTO
6,6,6,6,6,6,6,6,6,6,Racionalismo,INTELECTO
10,12,11,7,3,2,1,4,6,5,NULL,NINGUNO
3,3,3,3,3,1,3,3,3,2,Idealismo,IDEAS
10,2,9,10,10,9,6,10,10,10,Hedonismo,INDIFERENCIA
11,2,4,1,3,6,12,9,7,8,NULL,NINGUNO
1,10,6,1,1,12,1,1,5,1,Platonismo,IDEAS
9,9,9,9,9,9,9,9,9,9,Existencialismo,EXISTENCIA
12,12,12,12,12,12,12,12,12,12,Cinismo,INDIFERENCIA
10,10,10,10,10,10,10,10,10,10,Hedonismo,INDIFERENCIA
6,6,6,6,6,6,9,10,6,6,Racionalismo,INTELECTO
3,3,3,3,3,3,3,3,3,3,Idealismo,IDEAS
7,7,7,7,7,7,7,7,7,7,Empirismo,INTELECTO
12,12,6,12,12,12,12,4,12,12,Cinismo,INDIFERENCIA
8,12,12,12,12,12,12,12,12,12,Cinismo,INDIFERENCIA
1,1,1,1,1,1,1,1,1,1,Platonismo,IDEAS
9,3,12,3,1,1,3,3,3,3,Idealismo,IDEAS
7,1,5,12,11,4,3,10,9,6,NULL,NINGUNO
3,3,3,3,3,3,10,5,3,12,Idealismo,IDEAS
6,6,6,6,6,6,6,6,6,11,Racionalismo,INTELECTO
3,3,3,10,3,3,3,3,7,3,Idealismo,IDEAS
12,12,12,12,12,12,12,12,12,12,Cinismo,INDIFERENCIA
8,8,8,8,8,8,8,8,8,8,Humanismo,EXISTENCIA
10,10,10,10,10,10,10,10,10,10,Hedonismo,INDIFERENCIA
3,1,3,3,11,3,3,3,3,3,Idealismo,IDEAS
1,1,1,1,6,1,11,1,1,1,Platonismo,IDEAS
12,12,12,12,12,12,12,12,12,12,Cinismo,INDIFERENCIA
2,2,2,2,2,2,2,2,2,2,Aristotelismo,IDEAS
7,7,7,7,7,7,7,7,7,7,Empirismo,INTELECTO
1,7,1,1,1,1,1,1,1,1,Platonismo,IDEAS
3,3,3,3,3,3,3,3,3,3,Idealismo,IDEAS
7,5,12,8,2,9,6,3,11,4,NULL,NINGUNO
4,4,12,4,4,6,4,6,4,4,Estoicismo,INTELECTO
1,1,1,1,1,1,1,1,1,1,Platonismo,IDEAS
12,12,12,12,12,12,2,12,12,1,Cinismo,INDIFERENCIA
2,2,2,2,2,2,2,2,2,2,Aristotelismo,IDEAS
8,12,6,6,6,6,6,6,6,10,Racionalismo,INTELECTO
10,10,10,11,10,10,10,10,10,10,Hedonismo,INDIFERENCIA
11,11,11,11,11,11,11,2,11,6,Nihilismo,INDIFERENCIA
2,4,9,2,2,2,5,2,2,2,Aristotelismo,IDEAS
5,5,5,5,5,5,5,5,5,5,Realismo,INTELECTO
12,2,12,12,12,12,12,12,12,4,Cinismo,INDIFERENCIA
12,12,12,12,12,12,12,12,7,12,Cinismo,INDIFERENCIA
9,9,9,9,9,9,9,9,1,9,Existencialismo,EXISTENCIA
4,2,4,4,7,4,4,4,12,9,Estoicismo,INTELECTO
1,11,1,1,1,1,1,1,1,1,Platonismo,IDEAS
4,1,4,4,4,4,4,4,4,3,Estoicismo,INTELECTO
2,12,2,2,2,1,2,7,2,2,Aristotelismo,IDEAS
2,9,1,6,2,2,2,3,2,2,Aristotelismo,IDEAS
3,3,9,3,3,3,11,3,3,3,Idealismo,IDEAS
1,1,3,5,1,1,1,1,1,4,Platonismo,IDEAS
1,7,11,4,1,1,6,1,1,1,Platonismo,IDEAS
1,1,1,1,1,1,1,1,1,1,Platonismo,IDEAS
3,7,4,6,8,1,11,10,5,12,NULL,NINGUNO
12,12,12,12,12,12,12,12,12,12,Cinismo,INDIFERENCIA
8,8,8,8,8,8,8,8,12,8,Humanismo,EXISTENCIA
2,2,2,2,2,2,2,2,2,2,Aristotelismo,IDEAS
2,2,8,3,2,2,2,2,3,4,Aristotelismo,IDEAS
2,2,2,2,2,2,2,2,2,2,Aristotelismo,IDEAS
11,11,11,10,11,11,4,11,11,11,Nihilismo,INDIFERENCIA
2,2,2,2,5,3,2,3,2,2,Aristotelismo,IDEAS
9,9,9,9,1,9,9,9,9,9,Existencialismo,EXISTENCIA
12,12,12,12,12,12,12,12,4,12,Cinismo,INDIFERENCIA
1,7,1,1,1,1,1,1,1,1,Platonismo,IDEAS
7,7,6,7,7,7,7,7,7,7,Empirismo,INTELECTO
12,12,6,12,12,7,12,12,12,12,Cinismo,INDIFERENCIA
10,2,1,4,1,1,1,1,1,11,Platonismo,IDEAS
11,11,9,6,11,11,11,9,11,2,Nihilismo,INDIFERENCIA
3,12,3,3,3,3,11,3,5,3,Idealismo,IDEAS
12,12,6,12,12,3,6,12,12,12,Cinismo,INDIFERENCIA
11,12,11,11,11,11,11,11,11,11,Nihilismo,INDIFERENCIA
5,5,5,5,5,5,5,5,6,12,Realismo,INTELECTO
5,5,9,5,12,5,5,2,5,5,Realismo,INTELECTO
1,11,4,1,8,1,1,1,1,1,Platonismo,IDEAS
9,11,9,9,9,9,10,9,9,9,Existencialismo,EXISTENCIA
3,6,6,6,5,6,6,6,6,2,Racionalismo,INTELECTO
3,11,11,11,11,11,11,11,11,11,Nihilismo,INDIFERENCIA
5,3,3,3,3,3,11,1,3,9,Idealismo,IDEAS
6,6,6,6,6,6,6,6,6,6,Racionalismo,INTELECTO
1,4,5,10,7,2,8,11,12,9,NULL,NINGUNO
7,7,12,7,5,7,7,4,7,7,Empirismo,INTELECTO
7,7,6,7,1,7,7,4,7,7,Empirismo,INTELECTO
7,7,7,7,7,7,7,7,7,7,Empirismo,INTELECTO
12,12,12,12,12,12,12,12,12,12,Cinismo,INDIFERENCIA
1,1,1,1,1,1,1,1,1,1,Platonismo,IDEAS
6,6,6,6,6,6,6,6,6,4,Racionalismo,INTELECTO
5,6,5,5,5,5,5,5,5,5,Realismo,INTELECTO
9,9,9,9,9,9,9,9,9,9,Existencialismo,EXISTENCIA
1,1,10,4,1,1,1,1,1,1,Platonismo,IDEAS
5,5,5,5,12,5,5,6,2,5,Realismo,INTELECTO
5,5,5,5,5,5,5,2,5,5,Realismo,INTELECTO
10,8,8,8,8,8,2,8,12,8,Humanismo,EXISTENCIA
1,1,1,1,1,1,1,1,1,1,Platonismo,IDEAS
4,2,4,11,4,4,10,4,2,4,Estoicismo,INTELECTO
3,3,3,3,3,3,3,3,3,7,Idealismo,IDEAS
11,7,11,11,11,11,8,12,10,11,Nihilismo,INDIFERENCIA
4,4,4,4,4,4,4,4,4,4,Estoicismo,INTELECTO
11,11,11,11,11,11,11,11,11,11,Nihilismo,INDIFERENCIA
10,10,7,10,10,10,10,6,10,10,Hedonismo,INDIFERENCIA
3,3,3,6,3,3,8,3,3,3,Idealismo,IDEAS
6,11,11,4,5,1,11,11,11,11,Nihilismo,INDIFERENCIA
3,3,9,3,3,3,3,3,8,3,Idealismo,IDEAS
7,7,7,7,7,7,7,7,7,7,Empirismo,INTELECTO
10,1,1,10,1,1,9,1,1,1,Platonismo,IDEAS
10,10,12,10,10,10,7,10,10,10,Hedonismo,INDIFERENCIA
10,10,10,10,10,10,5,10,11,10,Hedonismo,INDIFERENCIA
3,7,7,7,7,2,7,7,7,7,Empirismo,INTELECTO
5,5,5,3,5,5,5,5,5,5,Realismo,INTELECTO
10,10,10,10,10,10,10,10,10,10,Hedonismo,INDIFERENCIA
5,12,5,5,2,5,5,5,5,5,Realismo,INTELECTO
9,4,4,4,7,4,4,4,2,4,Estoicismo,INTELECTO
7,5,7,5,7,7,7,3,7,7,Empirismo,INTELECTO
9,9,9,6,9,9,9,9,1,9,Existencialismo,EXISTENCIA
2,10,10,10,10,10,10,10,3,9,Hedonismo,INDIFERENCIA
1,9,9,9,9,12,5,9,9,9,Existencialismo,EXISTENCIA
3,11,2,4,4,4,4,4,7,4,Estoicismo,INTELECTO
11,5,4,8,8,8,8,8,8,8,Humanismo,EXISTENCIA
1,1,1,10,1,1,1,2,6,1,Platonismo,IDEAS
10,10,10,10,10,10,10,5,10,10,Hedonismo,INDIFERENCIA
9,6,2,2,2,10,2,2,11,2,Aristotelismo,IDEAS
3,3,3,3,3,11,3,3,3,3,Idealismo,IDEAS
11,11,7,11,11,3,11,10,3,11,Nihilismo,INDIFERENCIA
8,8,8,8,6,8,8,8,8,8,Humanismo,EXISTENCIA
4,4,4,4,4,4,4,4,4,7,Estoicismo,INTELECTO
7,7,7,7,7,7,7,7,7,7,Empirismo,INTELECTO
10,10,10,10,10,2,10,10,10,10,Hedonismo,INDIFERENCIA
7,7,7,7,7,11,7,7,7,7,Empirismo,INTELECTO
3,3,8,11,3,3,3,3,3,3,Idealismo,IDEAS
4,7,10,8,5,6,11,9,2,1,NULL,NINGUNO
6,6,6,6,6,6,6,6,6,6,Racionalismo,INTELECTO
6,3,1,1,1,2,1,2,1,1,Platonismo,IDEAS
2,4,5,6,8,3,1,11,10,7,NULL,NINGUNO
9,3,3,3,11,3,9,1,3,3,Idealismo,IDEAS
1,5,4,9,3,10,11,12,2,6,NULL,NINGUNO
10,10,10,10,10,10,10,10,10,10,Hedonismo,INDIFERENCIA
10,10,9,10,10,5,10,10,10,10,Hedonismo,INDIFERENCIA
9,9,9,9,9,9,9,9,9,9,Existencialismo,EXISTENCIA
4,4,4,4,4,4,4,4,11,5,Estoicismo,INTELECTO
3,3,12,9,10,3,3,11,3,3,Idealismo,IDEAS
10,12,8,8,8,8,8,8,8,8,Humanismo,EXISTENCIA
9,9,8,9,5,9,9,9,11,9,Existencialismo,EXISTENCIA
3,3,3,3,5,10,3,3,12,2,Idealismo,IDEAS
5,5,5,8,5,5,8,5,5,5,Realismo,INTELECTO
6,6,6,6,6,6,6,6,6,6,Racionalismo,INTELECTO
6,6,6,6,6,6,6,12,6,6,Racionalismo,INTELECTO
10,10,8,11,10,3,10,6,10,10,Hedonismo,INDIFERENCIA
5,9,9,9,9,9,8,10,9,9,Existencialismo,EXISTENCIA
10,10,10,10,9,10,3,10,10,10,Hedonismo,INDIFERENCIA
11,6,11,11,11,11,11,11,11,11,Nihilismo,INDIFERENCIA
7,7,7,7,7,7,7,7,7,7,Empirismo,INTELECTO
6,6,6,6,6,6,6,7,6,6,Racionalismo,INTELECTO
6,1,12,1,1,1,1,1,1,1,Platonismo,IDEAS
1,6,6,6,6,7,10,6,6,6,Racionalismo,INTELECTO
10,10,12,10,12,10,10,10,10,10,Hedonismo,INDIFERENCIA
7,7,7,7,7,7,7,7,9,7,Empirismo,INTELECTO
2,8,8,8,8,8,8,8,8,8,Humanismo,EXISTENCIA
8,12,1,1,1,1,1,1,1,5,Platonismo,IDEAS
12,12,7,12,12,12,12,12,12,12,Cinismo,INDIFERENCIA
11,11,6,11,11,11,11,11,4,11,Nihilismo,INDIFERENCIA
10,9,10,1,9,9,9,9,7,9,Existencialismo,EXISTENCIA
11,2,1,1,1,1,1,1,2,1,Platonismo,IDEAS
6,6,5,6,6,6,6,6,6,3,Racionalismo,INTELECTO
4,4,4,4,4,4,12,1,4,4,Estoicismo,INTELECTO
6,6,6,6,6,6,6,6,6,6,Racionalismo,INTELECTO
7,2,7,7,7,7,7,1,1,7,Empirismo,INTELECTO
7,7,12,7,7,7,7,7,5,7,Empirismo,INTELECTO
10,10,10,10,10,10,10,10,10,10,Hedonismo,INDIFERENCIA
11,11,1,11,11,11,11,11,11,11,Nihilismo,INDIFERENCIA
6,6,6,6,6,6,6,6,6,6,Racionalismo,INTELECTO
9,4,4,4,4,4,4,4,4,4,Estoicismo,INTELECTO
10,10,10,10,3,10,10,10,10,10,Hedonismo,INDIFERENCIA
5,5,5,1,5,3,5,5,5,5,Realismo,INTELECTO
3,5,5,5,5,1,5,5,5,5,Realismo,INTELECTO
11,2,11,11,2,11,11,12,11,11,Nihilismo,INDIFERENCIA
6,3,6,6,6,4,6,6,6,6,Racionalismo,INTELECTO
11,11,11,11,11,11,11,11,5,11,Nihilismo,INDIFERENCIA
2,2,2,2,2,2,2,2,2,2,Aristotelismo,IDEAS
12,12,12,12,8,5,12,12,6,12,Cinismo,INDIFERENCIA
3,8,5,7,10,6,4,12,1,9,NULL,NINGUNO
2,2,2,2,2,2,2,12,2,2,Aristotelismo,IDEAS
7,4,1,1,1,1,1,1,1,1,Platonismo,IDEAS
2,5,5,5,5,5,5,5,5,5,Realismo,INTELECTO
5,5,5,3,5,5,2,4,5,5,Realismo,INTELECTO
11,11,11,11,11,11,11,11,11,11,Nihilismo,INDIFERENCIA
10,10,9,12,10,6,1,10,10,10,Hedonismo,INDIFERENCIA
4,4,4,4,4,4,9,4,1,4,Estoicismo,INTELECTO
6,6,6,6,6,6,6,6,6,6,Racionalismo,INTELECTO
8,8,9,8,8,8,8,8,8,8,Humanismo,EXISTENCIA
12,3,3,3,3,3,3,11,3,2,Idealismo,IDEAS
5,5,5,5,5,5,5,5,5,5,Realismo,INTELECTO
11,1,1,1,11,1,1,1,2,12,Platonismo,IDEAS
5,5,5,2,5,2,5,4,5,5,Realismo,INTELECTO
2,12,5,8,9,6,10,1,3,7,NULL,NINGUNO
2,2,2,2,2,2,2,2,2,2,Aristotelismo,IDEAS
11,11,11,5,11,11,11,5,11,11,Nihilismo,INDIFERENCIA
6,6,3,6,6,6,7,6,6,6,Racionalismo,INTELECTO
9,4,9,8,9,9,9,9,9,9,Existencialismo,EXISTENCIA
4,1,1,1,9,1,1,1,2,1,Platonismo,IDEAS
11,11,11,11,11,11,11,11,11,11,Nihilismo,INDIFERENCIA
2,2,2,2,2,2,1,2,2,2,Aristotelismo,IDEAS
2,2,2,2,2,9,2,2,2,2,Aristotelismo,IDEAS
10,3,3,3,2,3,3,3,3,8,Idealismo,IDEAS
7,7,7,7,7,7,7,7,7,7,Empirismo,INTELECTO
10,10,10,10,10,10,10,10,6,9,Hedonismo,INDIFERENCIA
11,11,11,11,11,11,11,11,11,11,Nihilismo,INDIFERENCIA
5,5,2,5,12,5,10,5,11,5,Realismo,INTELECTO
6,10,10,10,10,10,10,10,2,10,Hedonismo,INDIFERENCIA
10,5,10,10,10,6,10,10,10,10,Hedonismo,INDIFERENCIA
12,12,12,12,12,12,12,12,12,12,Cinismo,INDIFERENCIA
5,5,5,5,5,5,5,5,6,5,Realismo,INTELECTO
8,5,4,4,4,7,4,4,4,7,Estoicismo,INTELECTO
9,3,9,9,1,9,9,9,9,9,Existencialismo,EXISTENCIA
2,1,1,2,3,2,2,2,10,2,Aristotelismo,IDEAS
8,8,8,8,8,8,8,8,8,8,Humanismo,EXISTENCIA
1,1,1,1,1,1,1,1,1,1,Platonismo,IDEAS
11,4,4,4,4,4,4,4,4,4,Estoicismo,INTELECTO
12,10,8,10,10,10,10,10,10,10,Hedonismo,INDIFERENCIA
8,8,8,8,8,8,8,8,8,8,Humanismo,EXISTENCIA
12,12,12,12,6,6,6,12,3,12,Cinismo,INDIFERENCIA
10,10,9,10,10,10,10,10,10,2,Hedonismo,INDIFERENCIA
6,6,6,6,6,6,6,6,6,6,Racionalismo,INTELECTO
9,9,9,9,9,6,9,9,9,9,Existencialismo,EXISTENCIA
6,6,6,2,6,6,6,6,6,2,Racionalismo,INTELECTO
11,11,11,11,11,11,11,11,6,11,Nihilismo,INDIFERENCIA
3,12,9,1,4,2,7,6,10,5,NULL,NINGUNO
7,2,2,9,2,2,2,4,2,2,Aristotelismo,IDEAS
5,5,5,5,5,5,5,5,5,5,Realismo,INTELECTO
4,4,4,4,4,4,4,4,4,4,Estoicismo,INTELECTO
12,12,10,12,12,12,9,12,12,12,Cinismo,INDIFERENCIA
12,12,12,12,12,12,12,12,12,12,Cinismo,INDIFERENCIA
6,6,3,6,6,6,6,6,8,10,Racionalismo,INTELECTO
10,11,9,2,4,3,6,12,8,1,NULL,NINGUNO
8,11,11,11,11,11,11,11,11,11,Nihilismo,INDIFERENCIA
8,8,8,8,8,8,8,8,8,8,Humanismo,EXISTENCIA
5,3,3,3,5,3,3,11,3,2,Idealismo,IDEAS
7,7,7,7,7,10,7,7,7,7,Empirismo,INTELECTO
8,8,8,8,8,8,8,8,1,3,Humanismo,EXISTENCIA
6,6,6,6,6,6,6,6,6,6,Racionalismo,INTELECTO
10,10,10,10,10,10,10,10,10,10,Hedonismo,INDIFERENCIA
9,9,9,9,9,10,9,9,9,9,Existencialismo,EXISTENCIA
3,2,2,2,2,2,2,2,2,2,Aristotelismo,IDEAS
1,1,9,1,10,1,1,1,1,1,Platonismo,IDEAS
11,2,9,9,9,9,9,9,12,9,Existencialismo,EXISTENCIA
5,3,3,3,3,3,3,12,3,3,Idealismo,IDEAS
11,11,11,5,11,1,11,11,11,11,Nihilismo,INDIFERENCIA
8,8,8,8,8,8,5,6,8,8,Humanismo,EXISTENCIA
2,2,9,6,2,2,2,2,2,2,Aristotelismo,IDEAS
1,1,1,1,1,1,1,1,12,1,Platonismo,IDEAS
11,2,11,11,11,11,1,11,11,11,Nihilismo,INDIFERENCIA
4,8,7,12,5,9,1,6,2,3,NULL,NINGUNO
2,2,2,2,2,2,2,2,2,2,Aristotelismo,IDEAS
8,8,9,8,8,9,7,2,8,8,Humanismo,EXISTENCIA
8,8,8,8,8,8,8,8,8,10,Humanismo,EXISTENCIA
7,1,7,7,7,7,7,7,7,5,Empirismo,INTELECTO
11,8,6,11,3,11,7,11,11,11,Nihilismo,INDIFERENCIA
8,8,8,8,8,8,7,8,12,8,Humanismo,EXISTENCIA
8,8,8,12,8,8,8,11,8,11,Humanismo,EXISTENCIA
12,12,12,12,12,12,2,12,4,12,Cinismo,INDIFERENCIA
1,1,1,1,1,1,1,1,1,1,Platonismo,IDEAS
5,5,5,5,5,12,5,5,5,5,Realismo,INTELECTO
3,2,7,3,3,3,9,3,3,3,Idealismo,IDEAS
11,7,9,4,4,7,7,7,7,7,Empirismo,INTELECTO
8,8,8,8,8,8,8,8,8,8,Humanismo,EXISTENCIA
4,11,5,4,8,4,4,4,11,4,Estoicismo,INTELECTO
8,8,8,8,8,8,8,8,12,7,Humanismo,EXISTENCIA
8,1,7,7,7,7,2,7,7,11,Empirismo,INTELECTO
1,7,1,1,1,6,1,7,5,1,Platonismo,IDEAS
6,6,6,3,6,6,10,6,6,1,Racionalismo,INTELECTO
3,1,12,4,5,9,7,11,10,2,NULL,NINGUNO
6,11,6,6,6,6,6,6,6,6,Racionalismo,INTELECTO
4,12,4,8,2,4,4,4,4,4,Estoicismo,INTELECTO
10,10,10,10,10,10,10,10,10,10,Hedonismo,INDIFERENCIA
5,5,5,5,5,5,3,5,5,10,Realismo,INTELECTO
8,8,8,8,8,11,8,11,8,8,Humanismo,EXISTENCIA
5,5,5,5,9,10,5,5,10,5,Realismo,INTELECTO
11,8,1,10,3,12,5,7,6,9,NULL,NINGUNO
12,12,12,12,12,8,12,12,12,12,Cinismo,INDIFERENCIA
12,1,1,1,1,8,1,1,5,1,Platonismo,IDEAS
4,5,5,5,5,1,5,5,10,1,Realismo,INTELECTO
6,6,6,6,6,6,11,3,6,1,Racionalismo,INTELECTO
1,1,1,2,1,1,7,12,1,7,Platonismo,IDEAS
1,1,1,1,1,1,1,1,1,1,Platonismo,IDEAS
6,6,6,6,6,6,6,6,6,6,Racionalismo,INTELECTO
6,6,4,6,6,6,6,6,3,6,Racionalismo,INTELECTO
2,3,2,8,2,2,7,2,7,2,Aristotelismo,IDEAS
9,9,9,9,9,9,5,9,9,9,Existencialismo,EXISTENCIA
11,11,11,5,11,11,11,11,5,11,Nihilismo,INDIFERENCIA
5,5,5,5,5,5,5,12,5,5,Realismo,INTELECTO
2,2,2,2,2,2,2,2,2,2,Aristotelismo,IDEAS
10,1,12,10,10,10,10,10,10,10,Hedonismo,INDIFERENCIA
3,3,6,3,3,3,3,3,3,3,Idealismo,IDEAS
6,6,6,6,6,6,6,6,6,6,Racionalismo,INTELECTO
6,8,3,6,6,6,1,5,6,6,Racionalismo,INTELECTO
11,2,10,10,10,10,10,10,10,2,Hedonismo,INDIFERENCIA
10,7,7,7,7,7,7,5,12,7,Empirismo,INTELECTO
5,5,5,5,5,5,5,5,5,5,Realismo,INTELECTO
4,4,4,4,10,4,4,4,4,4,Estoicismo,INTELECTO
2,6,6,6,6,7,6,6,6,6,Racionalismo,INTELECTO
9,9,9,9,9,9,9,9,9,9,Existencialismo,EXISTENCIA
9,9,9,6,3,9,9,10,9,4,Existencialismo,EXISTENCIA
6,6,6,9,6,6,6,6,6,6,Racionalismo,INTELECTO
8,8,8,8,8,8,8,8,8,8,Humanismo,EXISTENCIA
10,10,10,10,10,10,10,10,10,10,Hedonismo,INDIFERENCIA
11,11,11,11,11,11,12,11,11,9,Nihilismo,INDIFERENCIA
9,9,11,9,5,9,9,9,9,9,Existencialismo,EXISTENCIA
3,3,3,3,3,6,3,3,3,3,Idealismo,IDEAS
4,1,9,10,5,6,8,3,12,2,NULL,NINGUNO
9,11,6,7,3,12,2,1,4,5,NULL,NINGUNO
12,12,11,12,12,12,9,12,11,1,Cinismo,INDIFERENCIA
11,10,3,5,7,6,2,9,8,4,NULL,NINGUNO
5,9,5,5,9,9,9,9,9,9,Existencialismo,EXISTENCIA
7,7,7,7,7,8,7,7,7,7,Empirismo,INTELECTO
10,1,11,11,11,11,11,1,11,11,Nihilismo,INDIFERENCIA
5,5,5,5,5,5,5,5,5,1,Realismo,INTELECTO
9,12,9,9,9,1,9,9,9,2,Existencialismo,EXISTENCIA
10,4,7,10,10,10,10,10,10,10,Hedonismo,INDIFERENCIA
7,7,7,7,7,7,7,7,7,7,Empirismo,INTELECTO
4,4,4,4,4,4,2,4,4,4,Estoicismo,INTELECTO
6,6,6,2,6,6,11,12,6,12,Racionalismo,INTELECTO
10,10,2,7,10,10,10,10,10,10,Hedonismo,INDIFERENCIA
10,5,5,5,5,9,5,5,5,5,Realismo,INTELECTO
2,2,2,2,11,4,2,2,2,2,Aristotelismo,IDEAS
4,3,4,11,7,8,4,4,4,4,Estoicismo,INTELECTO
1,1,1,12,1,1,1,1,5,1,Platonismo,IDEAS
3,3,3,3,3,3,9,3,3,3,Idealismo,IDEAS
12,12,12,12,12,12,12,12,12,12,Cinismo,INDIFERENCIA
2,2,2,2,2,2,2,2,11,2,Aristotelismo,IDEAS
3,3,3,3,3,3,3,1,3,3,Idealismo,IDEAS
10,1,3,1,1,1,1,11,1,1,Platonismo,IDEAS
10,10,10,10,10,10,10,10,10,10,Hedonismo,INDIFERENCIA
8,8,8,11,8,11,8,8,8,8,Humanismo,EXISTENCIA
7,7,9,7,7,7,6,7,7,7,Empirismo,INTELECTO
5,5,5,10,4,7,5,5,10,5,Realismo,INTELECTO
11,11,11,11,11,11,11,11,11,11,Nihilismo,INDIFERENCIA
1,1,1,1,10,5,1,4,1,1,Platonismo,IDEAS
7,12,7,7,7,7,2,7,7,7,Empirismo,INTELECTO
4,4,4,1,12,4,1,4,4,3,Estoicismo,INTELECTO
4,4,4,4,4,4,4,4,4,4,Estoicismo,INTELECTO
6,9,9,9,9,9,9,9,9,9,Existencialismo,EXISTENCIA
8,8,7,8,8,8,8,8,8,4,Humanismo,EXISTENCIA
4,4,4,4,4,4,4,4,4,4,Estoicismo,INTELECTO
10,10,3,10,10,10,10,10,10,12,Hedonismo,INDIFERENCIA
4,4,4,4,5,4,4,4,4,4,Estoicismo,INTELECTO
4,4,4,4,4,4,4,4,1,9,Estoicismo,INTELECTO
7,8,3,4,9,12,1,5,11,6,NULL,NINGUNO
7,6,8,6,6,6,6,6,6,11,Racionalismo,INTELECTO
11,9,11,11,11,11,11,11,5,11,Nihilismo,INDIFERENCIA
8,8,8,8,8,8,11,8,8,8,Humanismo,EXISTENCIA
9,12,1,12,12,3,12,12,12,12,Cinismo,INDIFERENCIA
12,12,12,12,4,12,12,12,12,12,Cinismo,INDIFERENCIA
3,11,3,3,3,3,3,3,3,12,Idealismo,IDEAS
6,3,6,6,4,7,6,6,6,6,Racionalismo,INTELECTO
5,5,5,4,5,5,5,5,5,5,Realismo,INTELECTO
5,5,5,5,7,5,5,5,5,5,Realismo,INTELECTO
5,12,8,8,8,12,8,8,8,8,Humanismo,EXISTENCIA
12,7,10,10,10,10,2,8,10,10,Hedonismo,INDIFERENCIA
6,6,1,6,6,6,6,6,6,6,Racionalismo,INTELECTO
9,9,9,9,9,9,9,9,9,9,Existencialismo,EXISTENCIA
5,8,11,3,6,12,10,7,2,4,NULL,NINGUNO
1,8,4,8,1,1,1,1,1,1,Platonismo,IDEAS
4,1,1,9,1,1,1,1,12,10,Platonismo,IDEAS
12,5,7,5,5,5,10,5,5,5,Realismo,INTELECTO
12,12,12,6,12,12,10,11,8,12,Cinismo,INDIFERENCIA
9,9,9,9,9,9,12,3,2,4,Existencialismo,EXISTENCIA
9,10,10,9,10,10,10,10,10,11,Hedonismo,INDIFERENCIA
10,10,10,10,10,6,10,4,10,10,Hedonismo,INDIFERENCIA
5,6,7,12,2,1,3,11,9,10,NULL,NINGUNO
8,8,8,9,8,8,8,6,8,8,Humanismo,EXISTENCIA
1,1,4,1,10,1,3,1,1,11,Platonismo,IDEAS
2,9,2,6,3,2,2,2,2,2,Aristotelismo,IDEAS
7,3,9,7,7,7,7,4,7,7,Empirismo,INTELECTO
3,3,3,3,3,12,3,3,9,3,Idealismo,IDEAS
2,2,2,2,2,2,2,2,2,2,Aristotelismo,IDEAS
7,7,7,7,7,7,7,7,7,7,Empirismo,INTELECTO
12,12,12,12,12,12,12,12,12,12,Cinismo,INDIFERENCIA
1,1,1,1,11,1,1,1,7,1,Platonismo,IDEAS
4,4,4,4,4,4,4,4,4,4,Estoicismo,INTELECTO
2,2,2,2,1,2,2,2,2,2,Aristotelismo,IDEAS
9,11,11,11,12,11,11,11,11,8,Nihilismo,INDIFERENCIA
2,2,2,2,2,2,2,2,4,2,Aristotelismo,IDEAS
4,4,4,3,12,4,1,4,4,4,Estoicismo,INTELECTO
3,3,3,3,3,3,3,9,3,3,Idealismo,IDEAS
6,6,6,6,6,6,6,6,6,6,Racionalismo,INTELECTO
3,9,3,3,3,3,11,9,5,3,Idealismo,IDEAS
9,9,9,9,9,9,9,9,9,9,Existencialismo,EXISTENCIA
10,10,10,10,10,10,10,10,10,10,Hedonismo,INDIFERENCIA
11,3,3,3,3,3,3,3,3,3,Idealismo,IDEAS
2,2,2,2,2,2,2,2,2,2,Aristotelismo,IDEAS
4,4,9,4,4,4,4,4,4,4,Estoicismo,INTELECTO
1,1,8,8,8,8,8,2,2,8,Humanismo,EXISTENCIA
9,9,6,9,9,9,9,9,9,9,Existencialismo,EXISTENCIA
2,2,2,5,2,7,2,2,10,4,Aristotelismo,IDEAS
6,5,5,5,5,9,5,4,5,5,Realismo,INTELECTO
3,12,12,12,12,7,12,12,12,12,Cinismo,INDIFERENCIA
1,1,1,1,1,1,1,1,1,1,Platonismo,IDEAS
5,5,9,5,5,2,5,5,5,11,Realismo,INTELECTO
7,7,7,7,1,7,7,7,11,7,Empirismo,INTELECTO
5,11,5,2,5,5,5,5,5,5,Realismo,INTELECTO
1,1,9,1,1,1,1,1,3,12,Platonismo,IDEAS
4,4,4,4,4,4,4,4,4,4,Estoicismo,INTELECTO
7,6,7,7,5,7,5,7,7,5,Empirismo,INTELECTO
11,11,11,6,11,11,11,1,11,11,Nihilismo,INDIFERENCIA
9,1,9,9,9,9,9,9,9,9,Existencialismo,EXISTENCIA
4,7,11,3,10,6,12,5,9,1,NULL,NINGUNO
9,7,10,1,4,2,12,3,11,5,NULL,NINGUNO
10,10,10,10,10,10,10,10,10,10,Hedonismo,INDIFERENCIA
7,7,7,7,7,7,7,7,7,7,Empirismo,INTELECTO
12,10,12,10,10,10,10,10,10,10,Hedonismo,INDIFERENCIA
5,5,5,5,5,5,1,5,5,5,Realismo,INTELECTO
6,6,6,6,6,6,6,6,6,6,Racionalismo,INTELECTO
5,9,4,4,4,5,4,4,4,4,Estoicismo,INTELECTO
4,4,4,4,8,6,4,4,4,4,Estoicismo,INTELECTO
10,8,8,3,5,9,8,8,8,8,Humanismo,EXISTENCIA
4,4,4,5,4,4,4,4,4,4,Estoicismo,INTELECTO
5,6,5,5,8,5,5,7,5,1,Realismo,INTELECTO
4,9,9,12,4,9,9,11,9,9,Existencialismo,EXISTENCIA
1,1,1,1,1,1,1,1,1,1,Platonismo,IDEAS
1,2,9,2,2,2,2,2,8,2,Aristotelismo,IDEAS
10,10,1,10,10,10,10,3,1,10,Hedonismo,INDIFERENCIA
6,6,6,6,8,8,6,9,9,6,Racionalismo,INTELECTO
2,12,2,2,2,2,2,6,6,2,Aristotelismo,IDEAS
12,7,6,7,7,7,7,7,7,4,Empirismo,INTELECTO
10,10,10,6,6,10,10,10,2,10,Hedonismo,INDIFERENCIA
6,10,4,10,7,10,10,10,10,3,Hedonismo,INDIFERENCIA
2,2,2,2,2,2,2,2,2,2,Aristotelismo,IDEAS
8,8,8,8,8,8,8,8,10,8,Humanismo,EXISTENCIA
9,4,4,4,4,6,4,4,10,4,Estoicismo,INTELECTO
12,12,12,7,11,12,5,1,12,12,Cinismo,INDIFERENCIA
11,5,6,12,3,10,9,1,8,7,NULL,NINGUNO
4,4,4,4,4,5,4,5,4,10,Estoicismo,INTELECTO
8,5,5,8,8,8,11,8,9,8,Humanismo,EXISTENCIA
10,10,10,6,10,10,10,10,10,10,Hedonismo,INDIFERENCIA
5,5,5,5,5,3,10,1,2,5,Realismo,INTELECTO
12,12,12,12,12,12,12,12,12,12,Cinismo,INDIFERENCIA
11,1,11,11,11,11,10,11,11,9,Nihilismo,INDIFERENCIA
3,8,9,10,2,1,4,11,6,7,NULL,NINGUNO
1,1,1,1,9,9,1,3,6,1,Platonismo,IDEAS
3,12,12,3,3,3,3,3,3,3,Idealismo,IDEAS
12,7,12,12,12,9,12,12,12,10,Cinismo,INDIFERENCIA
6,9,6,1,6,12,6,6,6,6,Racionalismo,INTELECTO
5,5,5,5,5,5,5,5,3,5,Realismo,INTELECTO
3,3,3,3,3,3,3,3,3,3,Idealismo,IDEAS
12,12,12,12,3,12,12,12,12,12,Cinismo,INDIFERENCIA
11,11,1,11,11,11,5,11,11,6,Nihilismo,INDIFERENCIA
1,1,1,1,1,5,1,1,1,1,Platonismo,IDEAS
7,7,7,7,7,7,8,7,7,1,Empirismo,INTELECTO
7,1,2,8,10,5,4,12,11,6,NULL,NINGUNO
1,1,1,1,1,1,1,1,1,1,Platonismo,IDEAS
1,12,5,12,12,12,12,12,12,9,Cinismo,INDIFERENCIA
4,10,4,4,4,8,4,4,4,4,Estoicismo,INTELECTO
7,6,8,1,9,10,3,5,4,2,NULL,NINGUNO
8,10,8,8,8,8,8,8,8,8,Humanismo,EXISTENCIA
2,2,2,2,2,2,2,2,2,2,Aristotelismo,IDEAS
5,5,5,5,5,5,5,7,5,5,Realismo,INTELECTO
9,9,9,9,5,9,9,7,9,9,Existencialismo,EXISTENCIA
6,6,6,6,6,6,6,6,6,1,Racionalismo,INTELECTO
7,10,4,6,6,6,6,6,6,6,Racionalismo,INTELECTO
1,1,12,1,7,1,4,1,1,1,Platonismo,IDEAS
1,2,1,11,1,1,7,1,1,1,Platonismo,IDEAS
4,4,4,4,4,4,10,4,7,4,Estoicismo,INTELECTO
5,5,12,5,5,5,5,2,5,5,Realismo,INTELECTO
8,12,8,8,1,3,4,8,8,8,Humanismo,EXISTENCIA
4,9,9,9,9,9,9,9,9,6,Existencialismo,EXISTENCIA
11,3,3,3,3,3,3,3,3,3,Idealismo,IDEAS
8,9,1,9,9,9,9,9,8,10,Existencialismo,EXISTENCIA
8,12,4,10,6,1,3,11,5,2,NULL,NINGUNO
7,7,9,4,5,7,7,7,7,7,Empirismo,INTELECTO
6,3,3,3,3,3,3,3,4,3,Idealismo,IDEAS
11,11,11,12,2,11,11,11,11,11,Nihilismo,INDIFERENCIA
1,4,5,2,9,7,10,12,6,8,NULL,NINGUNO
4,3,3,3,3,3,6,3,3,9,Idealismo,IDEAS
2,2,2,2,8,2,2,2,2,10,Aristotelismo,IDEAS
10,12,12,12,12,12,12,12,12,12,Cinismo,INDIFERENCIA
11,11,11,11,11,11,11,11,11,11,Nihilismo,INDIFERENCIA
12,12,12,12,12,12,12,12,2,12,Cinismo,INDIFERENCIA
6,12,6,6,6,6,6,6,6,6,Racionalismo,INTELECTO
11,11,11,11,11,11,11,11,2,12,Nihilismo,INDIFERENCIA
3,3,3,8,3,3,3,12,3,3,Idealismo,IDEAS
7,7,7,4,7,7,7,7,7,7,Empirismo,INTELECTO
9,2,2,4,9,9,9,9,9,9,Existencialismo,EXISTENCIA
12,1,3,3,3,3,3,3,3,3,Idealismo,IDEAS
6,6,6,6,6,6,6,6,6,6,Racionalismo,INTELECTO
6,10,2,6,8,6,3,6,6,6,Racionalismo,INTELECTO
11,11,9,1,10,11,11,11,11,11,Nihilismo,INDIFERENCIA
1,5,1,1,1,1,1,1,1,1,Platonismo,IDEAS
2,12,12,12,12,12,12,12,12,12,Cinismo,INDIFERENCIA
8,8,8,8,8,8,8,8,8,8,Humanismo,EXISTENCIA
6,6,2,12,6,6,7,6,6,6,Racionalismo,INTELECTO
8,9,10,10,10,10,10,10,10,10,Hedonismo,INDIFERENCIA
9,9,9,9,9,9,9,9,9,9,Existencialismo,EXISTENCIA
9,9,9,4,9,10,9,4,2,9,Existencialismo,EXISTENCIA
8,7,8,8,8,8,7,8,8,12,Humanismo,EXISTENCIA
9,9,9,9,9,9,9,9,9,9,Existencialismo,EXISTENCIA
9,1,9,12,9,9,9,9,9,9,Existencialismo,EXISTENCIA
9,9,9,10,5,3,9,9,9,9,Existencialismo,EXISTENCIA
10,10,10,10,10,10,10,10,10,10,Hedonismo,INDIFERENCIA
3,8,3,3,3,3,3,3,7,3,Idealismo,IDEAS
9,11,12,9,9,9,9,9,9,9,Existencialismo,EXISTENCIA
8,8,8,5,8,8,7,7,8,11,Humanismo,EXISTENCIA
12,12,12,12,12,12,12,12,12,12,Cinismo,INDIFERENCIA
9,9,9,12,9,6,9,3,9,3,Existencialismo,EXISTENCIA
10,5,12,9,8,7,2,1,3,4,NULL,NINGUNO
2,2,2,2,3,2,2,2,2,2,Aristotelismo,IDEAS
10,10,10,10,10,10,10,10,10,10,Hedonismo,INDIFERENCIA
7,7,7,10,7,7,7,7,11,8,Empirismo,INTELECTO
12,9,9,9,9,9,1,9,9,9,Existencialismo,EXISTENCIA
12,12,12,12,12,12,12,12,12,12,Cinismo,INDIFERENCIA
10,11,11,11,11,11,11,11,11,11,Nihilismo,INDIFERENCIA
7,10,10,10,10,10,10,10,3,10,Hedonismo,INDIFERENCIA
8,8,8,8,8,8,8,8,8,8,Humanismo,EXISTENCIA
3,2,9,10,5,1,8,7,6,4,NULL,NINGUNO
1,9,5,9,11,4,9,9,9,9,Existencialismo,EXISTENCIA
3,3,3,3,3,3,3,3,3,3,Idealismo,IDEAS
12,8,3,2,10,5,6,9,7,11,NULL,NINGUNO
5,5,5,5,2,5,5,5,3,11,Realismo,INTELECTO
6,6,6,6,6,6,6,6,5,5,Racionalismo,INTELECTO
10,10,10,10,10,10,10,10,10,10,Hedonismo,INDIFERENCIA
7,7,7,7,7,7,7,7,7,7,Empirismo,INTELECTO
12,9,9,12,12,8,12,12,1,12,Cinismo,INDIFERENCIA
11,11,11,11,11,11,11,9,11,11,Nihilismo,INDIFERENCIA
8,9,8,8,8,3,8,8,5,11,Humanismo,EXISTENCIA
7,10,9,1,4,2,12,6,11,8,NULL,NINGUNO
7,7,7,7,7,7,7,7,7,7,Empirismo,INTELECTO
9,8,9,9,9,9,9,6,9,9,Existencialismo,EXISTENCIA
12,12,12,12,7,12,12,12,12,12,Cinismo,INDIFERENCIA
12,3,6,5,4,1,2,7,11,9,NULL,NINGUNO
9,9,9,9,5,9,9,9,9,2,Existencialismo,EXISTENCIA
7,7,7,7,10,7,7,7,7,7,Empirismo,INTELECTO
7,7,7,2,7,7,6,7,7,7,Empirismo,INTELECTO
11,11,11,10,11,11,11,11,11,11,Nihilismo,INDIFERENCIA
6,6,6,1,7,6,6,6,11,6,Racionalismo,INTELECTO
5,2,5,5,8,5,11,9,5,5,Realismo,INTELECTO
6,6,10,10,10,10,10,8,10,10,Hedonismo,INDIFERENCIA
2,2,9,3,2,2,2,3,8,2,Aristotelismo,IDEAS
11,11,11,11,9,11,11,11,11,11,Nihilismo,INDIFERENCIA
1,1,1,1,1,1,9,8,1,1,Platonismo,IDEAS
6,6,6,6,6,6,6,6,6,6,Racionalismo,INTELECTO
3,10,10,3,3,12,3,3,3,3,Idealismo,IDEAS
7,7,7,10,7,7,7,7,7,3,Empirismo,INTELECTO
2,6,6,12,10,6,6,6,6,8,Racionalismo,INTELECTO
5,5,7,5,5,5,5,5,11,5,Realismo,INTELECTO
1,6,1,1,6,1,1,1,1,12,Platonismo,IDEAS
10,10,3,10,7,10,9,3,10,10,Hedonismo,INDIFERENCIA
8,8,8,8,7,8,8,8,8,8,Humanismo,EXISTENCIA
10,10,10,10,10,10,10,10,10,10,Hedonismo,INDIFERENCIA
11,5,11,11,11,12,11,4,11,10,Nihilismo,INDIFERENCIA
9,9,9,9,3,10,5,9,9,9,Existencialismo,EXISTENCIA
7,7,7,7,7,7,7,7,1,7,Empirismo,INTELECTO
1,1,1,1,1,6,1,1,1,1,Platonismo,IDEAS
10,10,10,10,10,10,10,10,10,10,Hedonismo,INDIFERENCIA
10,7,7,8,7,6,7,7,6,7,Empirismo,INTELECTO
1,9,1,1,10,1,1,1,7,1,Platonismo,IDEAS
10,2,4,1,8,11,6,7,3,5,NULL,NINGUNO
9,6,6,5,6,6,6,6,2,6,Racionalismo,INTELECTO
2,2,2,2,2,2,2,2,1,2,Aristotelismo,IDEAS
6,2,4,6,4,6,5,6,6,6,Racionalismo,INTELECTO
1,1,1,1,1,1,1,1,1,1,Platonismo,IDEAS
4,4,4,3,4,4,4,4,4,4,Estoicismo,INTELECTO
2,2,2,2,2,11,2,4,2,2,Aristotelismo,IDEAS
12,12,7,12,12,12,12,12,12,12,Cinismo,INDIFERENCIA
5,5,5,5,5,5,5,5,5,5,Realismo,INTELECTO
2,2,2,2,2,12,2,2,2,2,Aristotelismo,IDEAS
11,11,11,11,11,11,11,11,11,11,Nihilismo,INDIFERENCIA
10,12,10,10,10,10,10,10,10,10,Hedonismo,INDIFERENCIA
4,1,4,4,4,4,4,4,4,1,Estoicismo,INTELECTO
2,2,4,2,1,7,2,2,2,1,Aristotelismo,IDEAS
11,11,11,2,11,11,11,11,1,11,Nihilismo,INDIFERENCIA
7,7,8,8,3,7,7,7,7,7,Empirismo,INTELECTO
5,5,5,5,5,5,5,5,5,5,Realismo,INTELECTO
7,12,12,12,12,12,12,12,12,12,Cinismo,INDIFERENCIA
8,11,11,11,11,11,11,11,11,11,Nihilismo,INDIFERENCIA
2,2,2,2,2,2,2,2,2,2,Aristotelismo,IDEAS
4,2,10,4,10,4,4,4,4,4,Estoicismo,INTELECTO
12,12,12,12,12,12,12,8,7,2,Cinismo,INDIFERENCIA
6,6,6,6,6,6,6,6,6,6,Racionalismo,INTELECTO
12,12,12,12,12,12,12,12,4,10,Cinismo,INDIFERENCIA
1,1,1,1,1,1,1,10,1,1,Platonismo,IDEAS
3,10,10,10,10,7,10,10,10,10,Hedonismo,INDIFERENCIA
2,1,2,2,5,2,2,6,2,2,Aristotelismo,IDEAS
5,1,2,2,2,1,2,2,2,2,Aristotelismo,IDEAS
7,12,6,7,7,7,7,7,4,11,Empirismo,INTELECTO
7,12,9,11,3,4,8,2,6,5,NULL,NINGUNO
8,10,11,5,5,5,5,5,5,2,Realismo,INTELECTO
8,8,8,8,1,5,8,8,8,8,Humanismo,EXISTENCIA
5,4,8,8,8,2,8,8,8,8,Humanismo,EXISTENCIA
6,4,4,4,3,4,4,4,4,6,Estoicismo,INTELECTO
12,12,12,12,12,12,12,12,12,12,Cinismo,INDIFERENCIA
2,2,2,8,2,2,2,2,10,2,Aristotelismo,IDEAS
6,6,6,6,6,6,6,6,6,7,Racionalismo,INTELECTO
10,10,10,12,1,2,10,10,10,10,Hedonismo,INDIFERENCIA
12,3,3,3,3,3,3,12,3,7,Idealismo,IDEAS
7,7,7,7,7,7,7,11,7,7,Empirismo,INTELECTO
12,12,12,12,12,12,12,12,12,12,Cinismo,INDIFERENCIA
7,7,7,7,7,7,7,7,1,7,Empirismo,INTELECTO
4,4,4,4,4,4,4,4,2,4,Estoicismo,INTELECTO
2,2,7,2,2,2,11,11,2,2,Aristotelismo,IDEAS
12,9,8,4,8,8,8,9,8,8,Humanismo,EXISTENCIA
5,9,1,5,5,5,5,5,5,10,Realismo,INTELECTO
12,12,12,12,12,12,12,12,12,12,Cinismo,INDIFERENCIA
10,2,2,2,2,2,2,2,2,2,Aristotelismo,IDEAS
7,8,9,9,9,9,9,9,9,9,Existencialismo,EXISTENCIA
7,7,7,7,7,7,7,7,7,7,Empirismo,INTELECTO
10,12,3,3,3,3,3,3,3,3,Idealismo,IDEAS
9,9,9,9,9,9,9,9,9,9,Existencialismo,EXISTENCIA
12,8,8,8,8,8,8,8,8,8,Humanismo,EXISTENCIA
8,8,8,8,8,8,6,8,6,6,Humanismo,EXISTENCIA
8,12,1,6,10,12,12,12,12,12,Cinismo,INDIFERENCIA
8,8,8,3,8,8,8,8,8,11,Humanismo,EXISTENCIA
7,7,7,7,7,7,7,7,7,7,Empirismo,INTELECTO
7,8,7,7,7,7,7,7,2,10,Empirismo,INTELECTO
1,5,5,5,11,12,5,5,5,7,Realismo,INTELECTO
12,12,12,10,12,12,1,12,12,12,Cinismo,INDIFERENCIA
1,1,10,1,11,1,1,1,11,1,Platonismo,IDEAS
12,8,8,8,8,8,8,1,8,8,Humanismo,EXISTENCIA
3,3,3,3,3,3,3,3,3,3,Idealismo,IDEAS
7,7,7,7,7,7,7,7,7,7,Empirismo,INTELECTO
4,1,11,2,12,10,6,9,5,8,NULL,NINGUNO
3,3,3,3,3,1,7,3,12,3,Idealismo,IDEAS
5,5,5,5,5,3,5,5,5,5,Realismo,INTELECTO
1,1,6,1,1,1,1,1,1,1,Platonismo,IDEAS
1,1,1,1,6,1,1,1,1,1,Platonismo,IDEAS
10,10,10,5,6,10,10,10,10,10,Hedonismo,INDIFERENCIA
5,5,5,5,5,7,10,6,8,5,Realismo,INTELECTO
6,3,3,1,3,8,3,3,3,3,Idealismo,IDEAS
10,10,10,10,10,10,10,10,10,8,Hedonismo,INDIFERENCIA
9,9,9,9,9,11,1,10,2,9,Existencialismo,EXISTENCIA
3,3,3,3,3,3,3,3,3,3,Idealismo,IDEAS
7,7,7,7,7,7,7,7,7,7,Empirismo,INTELECTO
2,2,9,2,12,1,2,2,2,10,Aristotelismo,IDEAS
7,7,7,5,7,7,7,7,7,7,Empirismo,INTELECTO
7,7,7,7,7,7,7,7,7,7,Empirismo,INTELECTO
9,9,9,9,9,9,9,9,5,7,Existencialismo,EXISTENCIA
10,10,10,1,10,10,10,10,10,9,Hedonismo,INDIFERENCIA
3,3,3,3,3,3,3,12,3,3,Idealismo,IDEAS
12,12,8,12,5,12,10,10,12,12,Cinismo,INDIFERENCIA
5,5,5,4,5,5,5,5,5,5,Realismo,INTELECTO
5,5,5,12,5,5,5,5,5,5,Realismo,INTELECTO
3,11,11,2,11,2,11,11,11,11,Nihilismo,INDIFERENCIA
10,10,10,10,10,10,10,10,10,10,Hedonismo,INDIFERENCIA
6,6,6,6,6,6,6,6,6,6,Racionalismo,INTELECTO
4,5,5,6,7,1,5,5,5,5,Realismo,INTELECTO
8,8,8,8,8,8,1,8,2,8,Humanismo,EXISTENCIA
10,10,11,10,10,10,10,8,10,10,Hedonismo,INDIFERENCIA
12,12,12,12,12,12,12,12,8,12,Cinismo,INDIFERENCIA
7,7,5,7,7,7,7,5,7,7,Empirismo,INTELECTO
4,4,4,4,1,4,4,6,4,4,Estoicismo,INTELECTO
4,4,11,4,9,12,5,4,4,4,Estoicismo,INTELECTO
9,9,9,11,9,1,9,9,9,9,Existencialismo,EXISTENCIA
11,3,12,3,3,3,3,3,6,3,Idealismo,IDEAS
3,12,12,12,12,12,12,3,9,12,Cinismo,INDIFERENCIA
2,11,11,11,11,11,11,11,11,1,Nihilismo,INDIFERENCIA
1,1,1,1,1,1,1,1,1,1,Platonismo,IDEAS
4,4,4,12,4,4,10,2,4,12,Estoicismo,INTELECTO
4,4,4,4,2,4,4,4,4,10,Estoicismo,INTELECTO
7,7,7,1,7,5,7,7,6,7,Empirismo,INTELECTO
7,7,5,7,7,7,7,5,7,7,Empirismo,INTELECTO
5,5,11,5,5,4,5,5,5,5,Realismo,INTELECTO
3,7,10,10,10,10,3,10,10,10,Hedonismo,INDIFERENCIA
6,2,9,3,10,11,8,1,7,4,NULL,NINGUNO
8,8,9,8,8,8,8,2,12,8,Humanismo,EXISTENCIA
1,1,1,1,1,1,1,1,2,1,Platonismo,IDEAS
10,10,10,10,4,10,10,10,10,5,Hedonismo,INDIFERENCIA
11,11,10,7,11,11,11,11,11,11,Nihilismo,INDIFERENCIA
7,9,11,11,11,4,11,6,11,11,Nihilismo,INDIFERENCIA
9,9,9,9,3,9,9,9,6,9,Existencialismo,EXISTENCIA
7,7,10,7,7,11,7,7,7,7,Empirismo,INTELECTO
1,3,3,12,7,3,3,6,3,3,Idealismo,IDEAS
2,2,2,2,2,5,3,4,2,11,Aristotelismo,IDEAS
12,12,12,12,12,12,12,12,12,12,Cinismo,INDIFERENCIA
1,4,1,1,1,1,1,1,1,1,Platonismo,IDEAS
4,4,5,4,5,10,4,4,4,4,Estoicismo,INTELECTO
5,8,8,8,5,8,8,8,8,10,Humanismo,EXISTENCIA
3,3,3,3,3,3,3,3,6,3,Idealismo,IDEAS
6,7,6,6,9,10,6,6,6,6,Racionalismo,INTELECTO
11,3,3,3,9,3,3,3,2,10,Idealismo,IDEAS
11,11,11,11,11,11,11,11,11,11,Nihilismo,INDIFERENCIA
11,5,9,3,7,5,5,5,5,5,Realismo,INTELECTO
5,1,12,3,5,5,5,5,5,5,Realismo,INTELECTO
12,12,2,1,12,8,10,12,12,12,Cinismo,INDIFERENCIA
2,2,10,2,2,4,2,4,2,4,Aristotelismo,IDEAS
6,6,6,6,6,6,6,6,6,6,Racionalismo,INTELECTO
9,8,3,1,7,6,5,11,2,12,NULL,NINGUNO
9,9,5,9,6,9,10,9,9,4,Existencialismo,EXISTENCIA
6,4,8,2,9,1,7,12,5,10,NULL,NINGUNO
1,1,1,1,1,1,1,1,1,1,Platonismo,IDEAS
7,7,7,7,7,7,7,3,10,7,Empirismo,INTELECTO
9,6,6,6,6,6,6,6,6,6,Racionalismo,INTELECTO
12,11,12,12,12,12,12,12,12,8,Cinismo,INDIFERENCIA
9,9,9,9,9,9,1,9,9,9,Existencialismo,EXISTENCIA
4,5,8,9,3,2,11,7,10,12,NULL,NINGUNO
5,9,9,9,9,9,5,11,9,5,Existencialismo,EXISTENCIA
6,3,2,3,3,11,3,3,3,3,Idealismo,IDEAS
8,8,8,5,8,8,8,8,8,12,Humanismo,EXISTENCIA
6,5,7,6,6,6,6,6,6,6,Racionalismo,INTELECTO
2,2,11,11,11,12,11,11,11,11,Nihilismo,INDIFERENCIA
12,12,12,12,12,11,12,12,12,12,Cinismo,INDIFERENCIA
9,9,9,9,9,9,9,9,9,9,Existencialismo,EXISTENCIA
3,6,8,3,3,3,3,3,3,3,Idealismo,IDEAS
11,5,5,5,5,5,5,5,12,4,Realismo,INTELECTO
1,1,1,1,1,1,1,1,1,1,Platonismo,IDEAS
2,2,2,7,2,2,2,9,2,10,Aristotelismo,IDEAS
9,9,9,9,9,9,9,7,9,9,Existencialismo,EXISTENCIA
6,6,4,4,4,4,4,4,4,4,Estoicismo,INTELECTO
11,6,11,11,11,11,11,11,11,11,Nihilismo,INDIFERENCIA
5,5,5,5,5,5,8,5,7,5,Realismo,INTELECTO
5,11,11,4,11,11,11,11,6,11,Nihilismo,INDIFERENCIA
2,10,3,12,10,10,2,10,10,10,Hedonismo,INDIFERENCIA
1,2,1,1,1,10,1,1,4,1,Platonismo,IDEAS
9,4,3,12,6,5,1,8,2,7,NULL,NINGUNO
11,10,3,9,1,5,6,8,2,7,NULL,NINGUNO
11,11,11,11,11,11,8,11,7,11,Nihilismo,INDIFERENCIA
3,3,3,3,3,3,3,3,3,10,Idealismo,IDEAS
10,6,5,5,6,5,5,12,5,5,Realismo,INTELECTO
7,12,12,12,12,12,12,4,12,12,Cinismo,INDIFERENCIA
5,11,11,11,11,11,8,11,11,4,Nihilismo,INDIFERENCIA
9,9,9,9,3,2,9,9,8,11,Existencialismo,EXISTENCIA
4,12,9,3,8,6,10,7,2,1,NULL,NINGUNO
2,2,2,2,2,11,2,10,2,2,Aristotelismo,IDEAS
6,6,6,1,6,6,6,5,11,2,Racionalismo,INTELECTO
8,10,8,8,8,10,8,4,8,6,Humanismo,EXISTENCIA
10,10,10,10,10,9,10,1,10,10,Hedonismo,INDIFERENCIA
10,10,4,10,10,10,10,10,10,10,Hedonismo,INDIFERENCIA
7,7,2,7,7,7,5,1,7,6,Empirismo,INTELECTO
8,8,8,8,8,8,8,8,8,8,Humanismo,EXISTENCIA
11,11,11,9,4,11,11,8,7,11,Nihilismo,INDIFERENCIA
3,3,3,6,3,3,3,3,6,3,Idealismo,IDEAS
12,12,12,12,12,12,12,12,12,12,Cinismo,INDIFERENCIA
12,1,8,12,1,1,1,1,1,10,Platonismo,IDEAS
6,6,6,6,6,6,2,6,6,4,Racionalismo,INTELECTO
9,9,9,9,9,9,9,9,9,9,Existencialismo,EXISTENCIA
5,8,5,5,2,5,5,4,9,5,Realismo,INTELECTO
8,1,1,1,10,1,1,1,1,1,Platonismo,IDEAS
2,11,2,2,2,2,8,2,5,2,Aristotelismo,IDEAS
10,6,10,10,8,10,10,10,5,12,Hedonismo,INDIFERENCIA
1,1,1,1,1,9,1,9,4,1,Platonismo,IDEAS
6,5,5,2,5,4,5,5,5,5,Realismo,INTELECTO
1,1,1,8,1,1,1,9,1,1,Platonismo,IDEAS
1,7,1,9,1,1,1,1,3,1,Platonismo,IDEAS
3,2,3,3,3,3,3,3,3,3,Idealismo,IDEAS
9,9,10,9,9,9,9,9,6,9,Existencialismo,EXISTENCIA
2,2,2,2,2,2,2,2,2,2,Aristotelismo,IDEAS
8,8,8,8,8,8,8,8,8,8,Humanismo,EXISTENCIA
4,8,6,3,11,1,12,5,9,10,NULL,NINGUNO
8,8,8,8,8,8,8,8,8,8,Humanismo,EXISTENCIA
4,4,4,4,4,4,4,4,12,12,Estoicismo,INTELECTO
8,12,9,1,9,9,9,7,9,9,Existencialismo,EXISTENCIA
10,6,8,3,12,2,9,4,1,11,NULL,NINGUNO
2,10,1,10,10,9,6,10,10,10,Hedonismo,INDIFERENCIA
9,9,9,9,9,9,9,9,9,9,Existencialismo,EXISTENCIA
11,9,11,11,10,8,6,11,11,11,Nihilismo,INDIFERENCIA
11,11,11,11,11,11,11,11,11,11,Nihilismo,INDIFERENCIA
12,4,5,10,1,3,2,11,8,7,NULL,NINGUNO
7,4,3,3,3,3,3,4,3,3,Idealismo,IDEAS
4,4,4,4,4,4,4,4,4,4,Estoicismo,INTELECTO
1,7,3,7,7,7,7,7,7,7,Empirismo,INTELECTO
4,4,1,4,5,10,4,4,4,4,Estoicismo,INTELECTO
6,6,6,6,6,6,6,6,6,6,Racionalismo,INTELECTO
1,4,1,6,1,1,1,3,1,1,Platonismo,IDEAS
9,9,9,9,9,9,9,9,9,9,Existencialismo,EXISTENCIA
8,5,8,8,3,8,5,8,8,8,Humanismo,EXISTENCIA
9,9,9,9,9,9,1,9,9,2,Existencialismo,EXISTENCIA
11,11,11,11,11,11,3,11,11,2,Nihilismo,INDIFERENCIA
5,5,5,5,5,5,5,5,5,5,Realismo,INTELECTO
8,8,8,8,8,8,8,8,8,8,Humanismo,EXISTENCIA
4,11,12,11,11,6,4,11,11,11,Nihilismo,INDIFERENCIA
10,10,10,10,10,9,10,10,10,10,Hedonismo,INDIFERENCIA
2,9,9,8,9,9,9,9,9,9,Existencialismo,EXISTENCIA
11,11,11,11,11,11,11,11,11,11,Nihilismo,INDIFERENCIA
10,9,9,9,6,9,9,4,9,9,Existencialismo,EXISTENCIA
11,12,11,10,11,11,11,6,11,11,Nihilismo,INDIFERENCIA
7,5,5,7,9,7,5,7,7,7,Empirismo,INTELECTO
5,5,12,5,5,5,5,5,5,5,Realismo,INTELECTO
3,2,8,8,8,11,8,8,8,8,Humanismo,EXISTENCIA
9,9,9,9,9,9,9,7,9,9,Existencialismo,EXISTENCIA
3,3,3,3,3,3,3,3,3,3,Idealismo,IDEAS
4,4,3,4,4,4,9,7,4,4,Estoicismo,INTELECTO
12,12,12,12,12,12,6,12,12,12,Cinismo,INDIFERENCIA
12,5,6,2,8,10,4,7,11,1,NULL,NINGUNO
6,6,6,6,11,6,6,6,6,6,Racionalismo,INTELECTO
12,12,12,12,12,12,12,12,12,12,Cinismo,INDIFERENCIA
4,4,4,4,4,4,4,4,4,4,Estoicismo,INTELECTO
2,6,2,2,2,2,2,2,2,2,Aristotelismo,IDEAS
1,1,1,1,1,1,1,1,1,1,Platonismo,IDEAS
6,2,1,9,11,8,3,7,10,4,NULL,NINGUNO
3,3,3,3,3,3,3,7,12,3,Idealismo,IDEAS
2,3,6,7,12,5,10,11,4,9,NULL,NINGUNO
3,7,7,7,7,7,7,7,7,7,Empirismo,INTELECTO
11,11,11,11,11,11,11,11,11,11,Nihilismo,INDIFERENCIA
12,12,12,12,12,11,1,4,12,12,Cinismo,INDIFERENCIA
5,5,5,5,5,5,5,5,8,5,Realismo,INTELECTO
2,2,2,5,5,2,2,2,2,2,Aristotelismo,IDEAS
1,2,6,2,2,12,2,2,2,2,Aristotelismo,IDEAS
8,8,8,8,8,8,8,8,8,8,Humanismo,EXISTENCIA
11,11,11,11,11,5,11,11,4,7,Nihilismo,INDIFERENCIA
5,9,5,5,2,5,5,5,5,8,Realismo,INTELECTO
2,2,2,2,2,8,2,2,2,4,Aristotelismo,IDEAS
5,5,12,5,5,5,5,5,5,5,Realismo,INTELECTO
5,11,5,5,5,5,5,5,5,2,Realismo,INTELECTO
6,12,9,6,6,6,6,6,6,6,Racionalismo,INTELECTO
12,11,12,12,12,4,8,6,12,12,Cinismo,INDIFERENCIA
2,2,2,2,2,4,2,2,2,8,Aristotelismo,IDEAS
8,8,8,8,8,8,8,8,8,8,Humanismo,EXISTENCIA
8,8,8,8,8,8,8,7,1,8,Humanismo,EXISTENCIA
6,6,12,6,6,6,6,6,6,6,Racionalismo,INTELECTO
2,2,2,2,3,12,2,2,2,2,Aristotelismo,IDEAS
12,12,12,12,9,12,12,12,12,12,Cinismo,INDIFERENCIA
5,10,4,3,8,11,12,9,7,6,NULL,NINGUNO
1,3,3,4,3,3,3,4,3,3,Idealismo,IDEAS
4,4,4,4,7,7,4,9,4,4,Estoicismo,INTELECTO
12,3,12,12,12,12,12,12,12,12,Cinismo,INDIFERENCIA
3,3,3,3,3,3,3,3,3,3,Idealismo,IDEAS
6,6,6,9,6,6,6,6,2,6,Racionalismo,INTELECTO
12,12,12,12,12,12,12,12,12,12,Cinismo,INDIFERENCIA
4,4,8,7,10,4,4,11,4,4,Estoicismo,INTELECTO
1,3,1,1,12,1,1,4,8,1,Platonismo,IDEAS
5,5,5,7,5,5,5,5,8,6,Realismo,INTELECTO
1,1,1,1,1,1,1,1,1,1,Platonismo,IDEAS
3,3,3,3,7,3,3,3,9,3,Idealismo,IDEAS
8,8,8,8,8,8,8,6,8,8,Humanismo,EXISTENCIA
5,5,6,5,5,5,5,5,12,11,Realismo,INTELECTO
10,8,8,5,5,9,8,8,8,8,Humanismo,EXISTENCIA
4,4,5,4,4,4,4,4,4,1,Estoicismo,INTELECTO
4,4,4,4,4,4,4,4,5,7,Estoicismo,INTELECTO
3,3,3,3,3,3,3,3,3,3,Idealismo,IDEAS
10,10,10,8,9,10,2,10,3,10,Hedonismo,INDIFERENCIA
8,8,8,11,8,8,8,8,8,9,Humanismo,EXISTENCIA
7,7,7,7,7,7,7,7,7,7,Empirismo,INTELECTO
10,10,10,10,10,10,10,10,10,10,Hedonismo,INDIFERENCIA
9,9,9,9,9,9,9,9,6,9,Existencialismo,EXISTENCIA
10,10,10,10,10,10,10,10,10,10,Hedonismo,INDIFERENCIA
3,1,8,7,8,8,2,8,8,8,Humanismo,EXISTENCIA
11,11,11,11,11,11,11,11,5,11,Nihilismo,INDIFERENCIA
2,2,2,2,2,5,2,1,7,2,Aristotelismo,IDEAS
9,9,12,3,9,9,9,9,9,5,Existencialismo,EXISTENCIA
12,12,12,12,12,12,8,12,12,3,Cinismo,INDIFERENCIA
2,9,2,11,2,2,2,2,2,2,Aristotelismo,IDEAS
4,7,4,4,3,4,7,4,2,4,Estoicismo,INTELECTO
4,4,3,4,4,4,2,4,12,4,Estoicismo,INTELECTO
4,4,4,8,4,4,4,4,4,4,Estoicismo,INTELECTO
6,6,6,8,6,7,11,6,6,6,Racionalismo,INTELECTO
9,9,9,3,9,9,9,9,9,9,Existencialismo,EXISTENCIA
4,4,4,4,4,4,4,4,4,4,Estoicismo,INTELECTO
5,5,5,5,2,9,5,5,5,5,Realismo,INTELECTO
12,12,12,12,12,12,12,12,12,9,Cinismo,INDIFERENCIA
5,9,5,5,5,5,5,5,5,5,Realismo,INTELECTO
5,2,8,10,3,4,9,7,12,11,NULL,NINGUNO
5,5,5,5,5,5,5,5,10,5,Realismo,INTELECTO
11,11,11,11,11,11,11,11,11,11,Nihilismo,INDIFERENCIA
11,3,8,8,8,8,8,8,8,8,Humanismo,EXISTENCIA
7,7,7,7,7,7,7,7,7,7,Empirismo,INTELECTO
2,10,10,10,3,10,10,10,9,10,Hedonismo,INDIFERENCIA
11,11,6,11,12,11,11,5,11,1,Nihilismo,INDIFERENCIA
6,12,6,6,6,6,6,6,6,7,Racionalismo,INTELECTO
12,12,10,12,12,12,12,12,10,12,Cinismo,INDIFERENCIA
2,5,4,5,5,5,5,5,5,5,Realismo,INTELECTO
10,2,9,5,11,12,3,7,6,1,NULL,NINGUNO
5,5,11,6,5,5,5,5,5,5,Realismo,INTELECTO
10,10,5,10,10,10,1,10,3,10,Hedonismo,INDIFERENCIA
3,3,3,3,8,3,6,3,1,1,Idealismo,IDEAS
8,8,8,8,8,8,7,8,8,8,Humanismo,EXISTENCIA
11,11,11,11,11,11,11,11,11,11,Nihilismo,INDIFERENCIA
8,8,4,3,8,8,8,8,8,8,Humanismo,EXISTENCIA
6,7,7,1,7,5,7,7,7,7,Empirismo,INTELECTO
2,4,2,11,11,11,2,11,11,11,Nihilismo,INDIFERENCIA
8,8,8,8,8,8,12,8,8,8,Humanismo,EXISTENCIA
2,2,2,2,2,2,2,2,2,2,Aristotelismo,IDEAS
10,10,10,10,10,10,10,10,10,12,Hedonismo,INDIFERENCIA
2,2,2,2,2,2,5,2,2,2,Aristotelismo,IDEAS
6,6,6,6,6,6,6,6,6,6,Racionalismo,INTELECTO
12,12,1,12,12,10,6,12,1,12,Cinismo,INDIFERENCIA
11,11,11,11,11,7,11,11,11,11,Nihilismo,INDIFERENCIA
8,8,8,8,8,8,5,8,8,8,Humanismo,EXISTENCIA
4,4,4,4,4,7,4,4,4,4,Estoicismo,INTELECTO
7,7,7,7,3,4,7,7,1,8,Empirismo,INTELECTO
6,4,4,4,4,6,4,4,5,4,Estoicismo,INTELECTO
8,8,8,8,8,8,8,8,8,8,Humanismo,EXISTENCIA
5,7,4,12,1,10,3,6,11,9,NULL,NINGUNO
7,5,7,10,12,7,7,7,7,7,Empirismo,INTELECTO
3,11,8,11,12,4,11,11,11,11,Nihilismo,INDIFERENCIA
8,8,8,8,8,8,8,8,8,8,Humanismo,EXISTENCIA
2,2,2,2,2,2,11,2,2,2,Aristotelismo,IDEAS
12,12,9,12,12,12,12,12,12,12,Cinismo,INDIFERENCIA
4,1,5,12,2,6,9,3,7,8,NULL,NINGUNO
8,8,8,2,8,8,8,8,4,8,Humanismo,EXISTENCIA
10,12,10,12,10,1,10,10,10,10,Hedonismo,INDIFERENCIA
5,1,7,7,7,7,7,7,1,7,Empirismo,INTELECTO
4,2,2,2,2,2,2,2,2,6,Aristotelismo,IDEAS
4,4,4,12,4,4,11,4,9,4,Estoicismo,INTELECTO
1,10,12,5,2,6,9,4,8,7,NULL,NINGUNO
3,7,7,7,7,3,7,7,7,7,Empirismo,INTELECTO
2,5,9,1,8,4,10,6,11,3,NULL,NINGUNO
10,10,10,10,10,9,10,10,10,10,Hedonismo,INDIFERENCIA
5,5,5,12,5,5,12,11,3,5,Realismo,INTELECTO
9,9,9,9,9,9,9,9,9,9,Existencialismo,EXISTENCIA
11,6,11,11,11,11,10,11,10,11,Nihilismo,INDIFERENCIA
8,8,8,8,8,8,8,3,8,2,Humanismo,EXISTENCIA
10,9,11,10,10,10,10,10,10,10,Hedonismo,INDIFERENCIA
4,4,4,4,7,4,4,4,4,4,Estoicismo,INTELECTO
1,3,1,1,1,1,1,8,1,6,Platonismo,IDEAS
2,2,2,2,2,2,2,5,2,2,Aristotelismo,IDEAS
8,8,8,8,8,1,8,8,8,8,Humanismo,EXISTENCIA
9,9,6,9,4,11,9,9,9,9,Existencialismo,EXISTENCIA
8,8,2,9,8,8,8,8,12,1,Humanismo,EXISTENCIA
9,9,9,4,9,9,2,3,9,9,Existencialismo,EXISTENCIA
7,7,7,9,10,7,7,7,7,7,Empirismo,INTELECTO
4,7,10,6,9,8,2,1,5,3,NULL,NINGUNO
5,5,5,5,5,5,5,5,5,7,Realismo,INTELECTO
10,10,10,10,10,9,10,4,10,10,Hedonismo,INDIFERENCIA
4,4,4,4,4,4,4,4,4,4,Estoicismo,INTELECTO
7,9,9,9,9,9,9,9,9,9,Existencialismo,EXISTENCIA
8,8,11,8,2,3,8,8,8,8,Humanismo,EXISTENCIA
6,10,10,12,10,10,10,10,10,10,Hedonismo,INDIFERENCIA
11,6,4,11,11,11,11,11,3,11,Nihilismo,INDIFERENCIA
4,6,6,6,6,6,5,6,6,6,Racionalismo,INTELECTO
3,3,3,2,9,3,6,3,3,3,Idealismo,IDEAS
4,4,4,4,4,4,4,6,4,4,Estoicismo,INTELECTO
6,6,6,6,6,6,5,6,5,12,Racionalismo,INTELECTO
5,5,8,5,5,5,5,11,5,5,Realismo,INTELECTO
8,11,1,7,2,10,6,9,12,3,NULL,NINGUNO
6,6,6,6,6,7,6,6,6,6,Racionalismo,INTELECTO
5,5,5,5,5,5,5,5,5,5,Realismo,INTELECTO
7,12,6,12,12,11,12,12,12,12,Cinismo,INDIFERENCIA
9,9,9,9,9,9,9,9,5,9,Existencialismo,EXISTENCIA
7,7,7,7,1,7,7,7,7,7,Empirismo,INTELECTO
5,5,5,5,12,2,5,5,5,5,Realismo,INTELECTO
1,2,8,1,9,1,1,1,1,1,Platonismo,IDEAS
11,10,5,11,11,10,11,11,11,2,Nihilismo,INDIFERENCIA
11,11,10,11,11,11,11,2,11,11,Nihilismo,INDIFERENCIA
2,2,5,2,2,2,2,2,2,5,Aristotelismo,IDEAS
6,6,6,6,6,6,6,6,6,6,Racionalismo,INTELECTO
5,4,5,5,4,5,5,5,7,5,Realismo,INTELECTO
1,2,2,2,2,2,2,2,2,5,Aristotelismo,IDEAS
3,1,8,1,1,1,1,1,1,1,Platonismo,IDEAS
10,8,3,5,7,1,4,6,9,11,NULL,NINGUNO
9,9,9,9,9,9,9,9,9,12,Existencialismo,EXISTENCIA
3,1,3,3,3,8,3,9,3,3,Idealismo,IDEAS
8,8,1,11,8,8,8,8,8,8,Humanismo,EXISTENCIA
2,2,2,2,2,2,2,2,2,2,Aristotelismo,IDEAS
6,6,6,4,6,6,6,6,6,6,Racionalismo,INTELECTO
1,11,1,11,11,11,11,4,12,11,Nihilismo,INDIFERENCIA
8,11,10,5,1,9,3,2,12,4,NULL,NINGUNO
8,10,6,1,11,4,2,5,7,3,NULL,NINGUNO
10,10,10,10,10,1,10,7,10,10,Hedonismo,INDIFERENCIA
10,8,11,1,12,6,9,4,5,2,NULL,NINGUNO
3,3,3,3,3,8,3,3,3,1,Idealismo,IDEAS
10,10,9,10,10,10,10,10,10,10,Hedonismo,INDIFERENCIA
7,5,5,5,5,5,5,5,6,12,Realismo,INTELECTO
3,3,3,5,3,1,4,3,4,3,Idealismo,IDEAS
4,3,4,4,8,4,4,4,4,4,Estoicismo,INTELECTO
4,8,8,8,7,8,8,7,8,8,Humanismo,EXISTENCIA
12,12,12,12,12,12,12,4,12,12,Cinismo,INDIFERENCIA
10,10,10,10,5,10,10,10,10,10,Hedonismo,INDIFERENCIA
5,11,1,5,8,1,5,5,5,5,Realismo,INTELECTO
8,8,8,8,8,4,8,11,8,8,Humanismo,EXISTENCIA
7,3,10,12,4,2,8,6,9,11,NULL,NINGUNO
12,12,12,12,12,12,12,12,12,12,Cinismo,INDIFERENCIA
6,1,6,1,1,1,6,3,1,1,Platonismo,IDEAS
7,7,12,7,7,7,7,7,7,7,Empirismo,INTELECTO
7,6,5,12,3,1,2,10,4,9,NULL,NINGUNO
9,11,2,10,1,7,8,4,12,3,NULL,NINGUNO
3,3,3,3,3,3,3,3,3,3,Idealismo,IDEAS
4,4,1,4,4,12,4,4,4,2,Estoicismo,INTELECTO
5,5,5,5,5,5,5,5,5,5,Realismo,INTELECTO
5,5,5,5,5,5,5,5,5,5,Realismo,INTELECTO
8,8,8,8,8,8,8,8,8,8,Humanismo,EXISTENCIA
9,5,6,8,4,1,12,7,10,2,NULL,NINGUNO
12,12,12,12,12,12,7,12,12,7,Cinismo,INDIFERENCIA
12,12,12,12,12,12,12,12,12,12,Cinismo,INDIFERENCIA
9,9,9,9,9,9,9,9,9,9,Existencialismo,EXISTENCIA
3,3,3,3,3,3,5,3,12,3,Idealismo,IDEAS
3,3,3,3,7,3,11,11,3,3,Idealismo,IDEAS
7,7,7,7,7,7,7,7,7,7,Empirismo,INTELECTO
10,10,10,10,10,10,10,2,10,10,Hedonismo,INDIFERENCIA
12,4,4,6,4,4,6,4,8,4,Estoicismo,INTELECTO
2,12,3,3,3,3,3,9,6,3,Idealismo,IDEAS
1,3,11,5,4,12,6,9,7,2,NULL,NINGUNO
6,6,6,6,6,6,6,6,3,6,Racionalismo,INTELECTO
3,3,3,8,3,3,3,7,3,3,Idealismo,IDEAS
4,4,4,4,4,4,4,4,4,4,Estoicismo,INTELECTO
6,6,6,6,6,6,6,6,6,6,Racionalismo,INTELECTO
1,1,1,1,1,1,1,1,1,1,Platonismo,IDEAS
1,7,10,5,12,11,8,4,2,9,NULL,NINGUNO
5,7,7,7,7,1,3,7,3,7,Empirismo,INTELECTO
6,6,6,10,6,6,6,6,6,6,Racionalismo,INTELECTO
7,7,7,7,7,7,10,7,7,7,Empirismo,INTELECTO
3,11,7,4,10,1,12,5,6,9,NULL,NINGUNO
5,8,8,5,5,5,5,5,3,10,Realismo,INTELECTO
3,3,4,3,4,3,3,3,3,3,Idealismo,IDEAS
11,11,11,4,11,11,11,11,11,11,Nihilismo,INDIFERENCIA
1,3,10,4,9,11,6,2,8,5,NULL,NINGUNO
6,9,9,9,9,9,9,3,9,9,Existencialismo,EXISTENCIA
7,7,5,7,7,7,7,7,4,7,Empirismo,INTELECTO
11,11,11,8,11,11,11,11,11,11,Nihilismo,INDIFERENCIA
2,2,2,2,2,4,2,1,11,8,Aristotelismo,IDEAS
1,1,3,1,1,1,10,1,1,1,Platonismo,IDEAS
3,3,7,3,3,3,7,3,3,3,Idealismo,IDEAS
7,7,11,7,7,7,8,7,11,5,Empirismo,INTELECTO
7,11,10,11,11,11,11,12,11,8,Nihilismo,INDIFERENCIA
12,12,12,12,12,12,12,12,12,12,Cinismo,INDIFERENCIA
4,4,4,4,4,11,4,4,4,4,Estoicismo,INTELECTO
5,5,5,5,8,8,5,8,5,5,Realismo,INTELECTO
6,6,6,6,6,6,6,6,11,3,Racionalismo,INTELECTO
3,1,4,5,6,5,5,5,5,5,Realismo,INTELECTO
9,9,6,9,8,4,10,9,9,9,Existencialismo,EXISTENCIA
10,9,2,2,2,2,2,2,2,2,Aristotelismo,IDEAS
7,7,7,7,7,7,5,4,7,7,Empirismo,INTELECTO
1,1,1,1,1,1,1,1,1,1,Platonismo,IDEAS
2,2,6,2,10,2,2,12,2,2,Aristotelismo,IDEAS
6,6,5,6,7,6,6,6,6,12,Racionalismo,INTELECTO
10,6,6,6,6,9,6,6,6,6,Racionalismo,INTELECTO
12,12,8,10,12,7,12,2,12,12,Cinismo,INDIFERENCIA
7,7,7,7,7,2,7,8,7,2,Empirismo,INTELECTO
5,5,5,5,5,5,5,5,2,5,Realismo,INTELECTO
5,11,8,1,2,10,7,4,12,6,NULL,NINGUNO
4,4,6,4,4,4,4,4,4,4,Estoicismo,INTELECTO
2,2,2,5,2,2,2,1,7,2,Aristotelismo,IDEAS
2,5,5,10,5,5,5,5,12,5,Realismo,INTELECTO
11,11,11,5,11,11,11,11,11,11,Nihilismo,INDIFERENCIA
7,7,7,7,7,7,7,7,3,7,Empirismo,INTELECTO
4,4,4,4,4,4,4,4,6,4,Estoicismo,INTELECTO
11,6,6,10,6,6,8,6,6,6,Racionalismo,INTELECTO
10,10,10,10,10,10,10,10,10,10,Hedonismo,INDIFERENCIA
3,7,3,8,3,3,3,3,3,10,Idealismo,IDEAS
6,7,7,7,7,7,9,7,7,7,Empirismo,INTELECTO
4,4,4,4,5,4,4,4,4,4,Estoicismo,INTELECTO
5,5,5,5,5,5,5,5,5,5,Realismo,INTELECTO
1,3,3,2,3,3,10,3,3,11,Idealismo,IDEAS
1,11,12,11,11,11,1,11,11,11,Nihilismo,INDIFERENCIA
1,1,1,1,12,1,1,6,2,1,Platonismo,IDEAS
6,9,6,5,4,6,6,6,6,8,Racionalismo,INTELECTO
3,3,12,3,3,11,3,3,3,10,Idealismo,IDEAS
4,4,4,4,4,4,4,4,4,4,Estoicismo,INTELECTO
12,12,8,12,12,12,12,12,12,12,Cinismo,INDIFERENCIA
3,3,3,3,10,3,3,3,3,9,Idealismo,IDEAS
12,12,12,5,12,12,12,1,12,12,Cinismo,INDIFERENCIA
7,11,7,1,7,7,7,6,7,10,Empirismo,INTELECTO
4,6,6,6,6,8,6,6,6,6,Racionalismo,INTELECTO
4,4,4,4,4,4,4,4,4,4,Estoicismo,INTELECTO
2,2,11,2,2,2,2,2,2,2,Aristotelismo,IDEAS
4,12,12,8,8,8,8,8,8,3,Humanismo,EXISTENCIA
3,2,2,2,2,2,10,8,2,2,Aristotelismo,IDEAS
8,4,8,8,6,8,7,6,8,8,Humanismo,EXISTENCIA
4,4,11,3,4,4,4,4,4,4,Estoicismo,INTELECTO
6,8,6,4,6,6,6,6,6,6,Racionalismo,INTELECTO
6,7,7,7,7,7,7,7,7,7,Empirismo,INTELECTO
3,8,8,8,8,9,2,4,8,8,Humanismo,EXISTENCIA
10,6,6,6,8,6,6,6,6,6,Racionalismo,INTELECTO
6,4,4,4,8,1,4,4,4,4,Estoicismo,INTELECTO
3,8,10,1,9,5,4,2,7,12,NULL,NINGUNO
4,4,4,4,9,4,10,4,4,4,Estoicismo,INTELECTO
11,11,11,3,11,11,11,11,11,5,Nihilismo,INDIFERENCIA
11,11,11,11,11,11,11,11,11,11,Nihilismo,INDIFERENCIA
10,10,2,10,2,10,10,10,10,10,Hedonismo,INDIFERENCIA
3,4,2,12,10,6,8,9,11,5,NULL,NINGUNO
2,11,5,3,7,12,1,10,4,8,NULL,NINGUNO
12,12,12,7,6,12,3,12,12,12,Cinismo,INDIFERENCIA
12,6,10,10,10,9,10,10,10,10,Hedonismo,INDIFERENCIA
4,4,10,4,4,4,10,4,4,4,Estoicismo,INTELECTO
8,8,10,8,7,8,8,12,8,8,Humanismo,EXISTENCIA
8,8,8,8,8,8,8,8,8,8,Humanismo,EXISTENCIA
6,6,6,6,6,6,6,6,6,6,Racionalismo,INTELECTO
6,6,6,6,4,6,6,6,6,6,Racionalismo,INTELECTO
4,4,12,4,4,4,4,4,11,4,Estoicismo,INTELECTO
8,11,2,2,8,8,2,2,2,2,Aristotelismo,IDEAS
8,8,8,12,8,8,8,8,8,8,Humanismo,EXISTENCIA
3,9,10,3,3,3,3,1,9,3,Idealismo,IDEAS
7,7,7,11,7,7,7,7,7,7,Empirismo,INTELECTO
9,9,9,9,9,9,9,9,9,9,Existencialismo,EXISTENCIA
2,2,2,2,2,2,2,2,2,2,Aristotelismo,IDEAS
9,11,12,11,11,11,1,11,11,11,Nihilismo,INDIFERENCIA
4,4,4,2,4,4,4,4,4,4,Estoicismo,INTELECTO
8,5,8,4,8,8,8,8,1,11,Humanismo,EXISTENCIA
1,8,8,1,10,8,8,8,8,8,Humanismo,EXISTENCIA
1,1,1,1,1,1,1,1,1,1,Platonismo,IDEAS
5,5,5,5,5,5,5,5,5,5,Realismo,INTELECTO
7,8,5,11,2,12,3,9,6,4,NULL,NINGUNO
9,3,1,9,9,9,9,9,9,9,Existencialismo,EXISTENCIA
7,7,7,4,7,7,5,2,3,7,Empirismo,INTELECTO
6,6,12,6,6,6,1,6,6,6,Racionalismo,INTELECTO
10,6,10,10,10,10,10,11,10,10,Hedonismo,INDIFERENCIA
2,2,2,2,7,2,12,2,2,2,Aristotelismo,IDEAS
10,10,10,1,11,1,10,10,10,10,Hedonismo,INDIFERENCIA
2,2,2,2,2,5,2,2,2,2,Aristotelismo,IDEAS
1,1,6,1,1,8,1,4,1,1,Platonismo,IDEAS
6,7,4,11,5,2,9,1,3,8,NULL,NINGUNO
3,6,3,3,3,3,3,3,3,3,Idealismo,IDEAS